1642439955;1642440855;8;8;16;100;ro;542674.440208;900.015857;88
1642440915;1642441815;8;8;16;100;ro;549307.437636;900.055491;232
1642441875;1642442783;8;8;16;100;ro;540628.380130;907.878075;0
1642442843;1642444643;8;8;16;100;rw;87148.740981;1800.028702;40706362408
1642444703;1642446503;8;8;16;100;rw;88056.394164;1800.031355;42365099728
1642446564;1642448367;8;8;16;100;rw;88464.431154;1803.424498;42716702256
1642448556;1642449456;8;8;16;1000;ro;444408.897102;900.019679;4064
1642449516;1642450416;8;8;16;1000;ro;444805.647776;900.017269;0
1642450476;1642451383;8;8;16;1000;ro;440949.983905;906.723891;0
1642451443;1642453243;8;8;16;1000;rw;77693.101053;1800.058898;37641692624
1642453303;1642455103;8;8;16;1000;rw;75783.766524;1800.028262;38762433256
1642455163;1642456966;8;8;16;1000;rw;76221.283876;1803.029767;36389210640
1642458137;1642459037;8;8;16;7500;ro;257360.807251;900.066065;2216
1642459098;1642459998;8;8;16;7500;ro;256415.889339;900.032444;0
1642460058;1642460962;8;8;16;7500;ro;255817.860743;904.459568;0
1642461023;1642462823;8;8;16;7500;rw;58069.918812;1800.044770;29208543768
1642462883;1642464683;8;8;16;7500;rw;58551.399011;1800.057135;29085602488
1642464743;1642466546;8;8;16;7500;rw;56614.401764;1802.445947;29043814696
1642466768;1642467668;4;64;16;100;ro;527309.512802;900.029344;37600
1642467728;1642468628;4;64;16;100;ro;529546.874608;900.018010;232
1642468688;1642469596;4;64;16;100;ro;523081.673713;907.653774;0
1642469656;1642471456;4;64;16;100;rw;71299.996074;1800.016843;34492686048
1642471516;1642473316;4;64;16;100;rw;72635.493748;1800.020673;36308034520
1642473376;1642475179;4;64;16;100;rw;72043.917492;1802.868694;36200209416
1642475375;1642476275;4;64;16;1000;ro;448210.339285;900.015555;2864
1642476335;1642477235;4;64;16;1000;ro;449708.260649;900.016770;0
1642477295;1642478202;4;64;16;1000;ro;448544.045721;906.881165;0
1642478262;1642480062;4;64;16;1000;rw;66292.803482;1800.034388;32332910168
1642480122;1642481922;4;64;16;1000;rw;65970.646289;1800.055609;33706453656
1642481983;1642483785;4;64;16;1000;rw;65016.170418;1802.701382;34133880032
1642485005;1642485905;4;64;16;7500;ro;325120.264865;900.066512;31408
1642485965;1642486865;4;64;16;7500;ro;325543.657591;900.060627;0
1642486925;1642487831;4;64;16;7500;ro;324347.754100;905.345271;0
1642487891;1642489691;4;64;16;7500;rw;57494.514423;1800.029290;30873816904
1642489751;1642491551;4;64;16;7500;rw;58154.623628;1800.060812;29292934592
1642491611;1642493414;4;64;16;7500;rw;58146.116626;1802.552576;28340701080
1642493634;1642494534;32;1;16;100;ro;532038.926251;900.016697;848
1642494594;1642495494;32;1;16;100;ro;532822.942596;900.020728;0
1642495554;1642496462;32;1;16;100;ro;529477.665612;907.819493;0
1642496522;1642498322;32;1;16;100;rw;80168.233071;1800.029216;37518131512
1642498382;1642500182;32;1;16;100;rw;88495.029056;1800.054521;38830065368
1642500242;1642502046;32;1;16;100;rw;91007.528146;1803.421800;37058602024
1642502247;1642503147;32;1;16;1000;ro;390334.503258;900.016231;1280
1642503207;1642504107;32;1;16;1000;ro;392507.569108;900.017158;0
1642504168;1642505074;32;1;16;1000;ro;389523.087928;905.940191;0
1642505134;1642506934;32;1;16;1000;rw;48171.013147;1800.063738;23435929800
1642506994;1642508794;32;1;16;1000;rw;47656.787104;1800.055585;23933884096
1642508854;1642510656;32;1;16;1000;rw;47302.671649;1802.115161;22852758544
1642511846;1642512746;32;1;16;7500;ro;75747.520896;900.064334;952
1642512806;1642513706;32;1;16;7500;ro;75818.491709;900.058315;0
1642513767;1642514668;32;1;16;7500;ro;76171.584173;901.640770;0
1642514728;1642516528;32;1;16;7500;rw;28136.665308;1800.089550;14616155880
1642516589;1642518389;32;1;16;7500;rw;29257.993547;1800.080672;14172240928
1642518449;1642520250;32;1;16;7500;rw;28703.005093;1801.402990;14246249008
1642520468;1642521368;4;1;16;100;ro;520814.791053;900.049069;360
1642521428;1642522328;4;1;16;100;ro;522574.474045;900.055853;232
1642522388;1642523296;4;1;16;100;ro;517789.342138;907.622508;0
1642523356;1642525156;4;1;16;100;rw;87468.873166;1800.048446;43408638112
1642525216;1642527016;4;1;16;100;rw;89927.749383;1800.077564;45854951144
1642527076;1642528880;4;1;16;100;rw;88965.098145;1803.403564;45328795872
1642529080;1642529980;4;1;16;1000;ro;447371.267396;900.015839;536
1642530040;1642530941;4;1;16;1000;ro;446003.078322;900.016398;0
1642531001;1642531907;4;1;16;1000;ro;441878.778918;906.713609;0
1642531967;1642533767;4;1;16;1000;rw;80377.300841;1800.051525;40116104120
1642533828;1642535628;4;1;16;1000;rw;78617.682767;1800.021941;41408824120
1642535688;1642537491;4;1;16;1000;rw;77128.716163;1802.983317;40548237192
1642538765;1642539665;4;1;16;7500;ro;310724.539863;900.021565;1184
1642539725;1642540626;4;1;16;7500;ro;308531.215967;900.022770;0
1642540686;1642541591;4;1;16;7500;ro;308302.581907;905.043557;0
1642541651;1642543451;4;1;16;7500;rw;67927.730166;1800.059306;36642196112
1642543511;1642545311;4;1;16;7500;rw;67553.848440;1800.064154;34930658792
1642545372;1642547175;4;1;16;7500;rw;67500.422623;1803.032306;34079051608
1642547404;1642548304;1;4;16;100;ro;522628.391054;900.063152;1568
1642548364;1642549264;1;4;16;100;ro;518674.107751;900.016250;232
1642549324;1642550232;1;4;16;100;ro;515923.471768;907.549622;0
1642550292;1642552092;1;4;16;100;rw;84673.114849;1800.028107;42393799704
1642552152;1642553952;1;4;16;100;rw;85656.732439;1800.052963;43339239992
1642554012;1642555816;1;4;16;100;rw;83996.553036;1803.328267;43144728576
1642556092;1642556992;1;4;16;1000;ro;440128.865722;900.054547;1520
1642557052;1642557952;1;4;16;1000;ro;442952.608426;900.029945;0
1642558012;1642558919;1;4;16;1000;ro;442867.734160;906.784592;0
1642558979;1642560779;1;4;16;1000;rw;78489.583937;1800.056069;40439491904
1642560839;1642562640;1;4;16;1000;rw;77738.054793;1800.028734;38966606624
1642562700;1642564503;1;4;16;1000;rw;77536.196846;1803.506986;38790766592
1642566356;1642567257;1;4;16;7500;ro;324985.249305;900.024539;1912
1642567317;1642568217;1;4;16;7500;ro;324384.081901;900.027594;0
1642568277;1642569182;1;4;16;7500;ro;317611.315578;905.295102;0
1642569243;1642571043;1;4;16;7500;rw;67067.621187;1800.066810;44528170552
1642571103;1642572903;1;4;16;7500;rw;66362.196551;1800.067334;38731292320
1642572963;1642574766;1;4;16;7500;rw;67209.749085;1802.835944;35839140800
1642575012;1642575912;1;16;16;100;ro;524092.290990;900.022398;12360
1642575972;1642576872;1;16;16;100;ro;523402.896428;900.016273;232
1642576932;1642577840;1;16;16;100;ro;522401.298270;907.756507;0
1642577900;1642579700;1;16;16;100;rw;81101.475492;1800.027614;40730776120
1642579760;1642581560;1;16;16;100;rw;82308.135353;1800.030220;41564898736
1642581621;1642583424;1;16;16;100;rw;81232.238799;1803.383068;41914331944
1642583689;1642584589;1;16;16;1000;ro;447337.198432;900.021444;8848
1642584649;1642585549;1;16;16;1000;ro;447722.214858;900.031411;0
1642585609;1642586516;1;16;16;1000;ro;446002.797921;906.839084;0
1642586576;1642588376;1;16;16;1000;rw;76479.472752;1800.059876;39323946512
1642588437;1642590237;1;16;16;1000;rw;75702.483331;1800.081298;37737210632
1642590297;1642592100;1;16;16;1000;rw;75171.564850;1803.235544;37516779864
1642593912;1642594812;1;16;16;7500;ro;310585.105588;900.032708;8056
1642594872;1642595772;1;16;16;7500;ro;313436.283161;900.066736;0
1642595832;1642596738;1;16;16;7500;ro;312080.780977;905.135400;0
1642596798;1642598598;1;16;16;7500;rw;62712.544112;1800.083328;41734460304
1642598658;1642600458;1;16;16;7500;rw;62787.243240;1800.042486;37042098672
1642600518;1642602322;1;16;16;7500;rw;63176.083062;1803.024520;34451917288
1642602563;1642603463;16;64;16;100;ro;524641.130630;900.015836;11536
1642603523;1642604423;16;64;16;100;ro;524833.310821;900.016977;232
1642604483;1642605391;16;64;16;100;ro;516370.443324;907.546029;0
1642605451;1642607251;16;64;16;100;rw;69767.768993;1800.023603;32257337632
1642607311;1642609111;16;64;16;100;rw;70858.182007;1800.054426;34087264232
1642609171;1642610974;16;64;16;100;rw;70405.288677;1802.724444;33666465856
1642611161;1642612061;16;64;16;1000;ro;419611.667295;900.015178;7984
1642612121;1642613022;16;64;16;1000;ro;424532.476403;900.021524;0
1642613082;1642613988;16;64;16;1000;ro;422070.828342;906.372656;0
1642614048;1642615848;16;64;16;1000;rw;55757.615630;1800.041068;26519642696
1642615908;1642617708;16;64;16;1000;rw;54695.485437;1800.067440;27553899600
1642617769;1642619571;16;64;16;1000;rw;54467.397259;1802.202086;27104388504
1642620702;1642621602;16;64;16;7500;ro;141850.858350;900.021460;53696
1642621663;1642622563;16;64;16;7500;ro;142064.872131;900.022803;0
1642622623;1642623526;16;64;16;7500;ro;142116.795682;902.653855;0
1642623586;1642625386;16;64;16;7500;rw;35552.249609;1800.068428;17574336008
1642625446;1642627246;16;64;16;7500;rw;40138.922207;1800.056381;18831096768
1642627306;1642629108;16;64;16;7500;rw;39484.985478;1801.777216;20456884152
1642629333;1642630233;1;32;16;100;ro;524343.931222;900.019306;4688
1642630293;1642631193;1;32;16;100;ro;519389.511711;900.017446;232
1642631253;1642632161;1;32;16;100;ro;519832.462088;907.643696;0
1642632221;1642634021;1;32;16;100;rw;77640.783689;1800.058211;39153706736
1642634081;1642635881;1;32;16;100;rw;78184.325223;1800.020400;40260467656
1642635942;1642637745;1;32;16;100;rw;78034.302009;1803.575613;39721544088
1642638019;1642638919;1;32;16;1000;ro;439986.038865;900.017926;1032
1642638979;1642639879;1;32;16;1000;ro;445690.508366;900.031212;0
1642639939;1642640846;1;32;16;1000;ro;442627.841792;906.771488;0
1642640906;1642642706;1;32;16;1000;rw;72995.077067;1800.026921;37665515592
1642642767;1642644567;1;32;16;1000;rw;72200.259934;1800.037292;35908354048
1642644627;1642646430;1;32;16;1000;rw;71804.851359;1803.032118;35935095072
1642648247;1642649147;1;32;16;7500;ro;313131.644132;900.031634;27144
1642649208;1642650108;1;32;16;7500;ro;313475.273866;900.076256;0
1642650168;1642651073;1;32;16;7500;ro;310187.634068;905.398563;0
1642651134;1642652934;1;32;16;7500;rw;59589.638561;1800.072504;39829408384
1642652994;1642654794;1;32;16;7500;rw;59771.372950;1800.063699;35621713864
1642654854;1642656657;1;32;16;7500;rw;60236.103367;1802.869514;32053676136
1642656901;1642657802;4;8;16;100;ro;518937.938597;900.016799;2904
1642657862;1642658762;4;8;16;100;ro;513168.649262;900.056844;232
1642658822;1642659729;4;8;16;100;ro;514617.613643;907.523226;0
1642659789;1642661590;4;8;16;100;rw;85898.504337;1800.046252;41759706128
1642661650;1642663450;4;8;16;100;rw;87355.252060;1800.039012;43705607464
1642663510;1642665313;4;8;16;100;rw;86909.081785;1803.471006;43480222224
1642665511;1642666411;4;8;16;1000;ro;443607.843423;900.017050;2848
1642666471;1642667371;4;8;16;1000;ro;442815.229860;900.025455;0
1642667432;1642668338;4;8;16;1000;ro;438997.439575;906.666123;0
1642668398;1642670198;4;8;16;1000;rw;79145.830809;1800.017343;38701926224
1642670259;1642672059;4;8;16;1000;rw;77589.274082;1800.030655;40123043600
1642672119;1642673922;4;8;16;1000;rw;76794.299187;1803.111133;39341078952
1642675151;1642676051;4;8;16;7500;ro;312268.880425;900.063484;7256
1642676111;1642677011;4;8;16;7500;ro;308109.112310;900.043700;0
1642677071;1642677977;4;8;16;7500;ro;307280.684122;905.263671;0
1642678037;1642679837;4;8;16;7500;rw;67902.900415;1800.028541;35871551624
1642679897;1642681697;4;8;16;7500;rw;67557.006102;1800.056420;33991441832
1642681757;1642683560;4;8;16;7500;rw;66925.570209;1802.957344;33656897168
1642683782;1642684682;32;32;16;100;ro;548130.413273;900.031078;12952
1642684742;1642685642;32;32;16;100;ro;549141.629238;900.016666;0
1642685703;1642686611;32;32;16;100;ro;545025.568650;907.950621;0
1642686671;1642688471;32;32;16;100;rw;74142.605672;1800.029159;34091991088
1642688531;1642690331;32;32;16;100;rw;78887.211102;1800.066889;34414369864
1642690391;1642692194;32;32;16;100;rw;81942.719853;1803.167075;34050596648
1642692388;1642693288;32;32;16;1000;ro;400623.243192;900.017767;20384
1642693349;1642694249;32;32;16;1000;ro;402104.194870;900.017030;0
1642694309;1642695215;32;32;16;1000;ro;400120.609485;906.066359;0
1642695275;1642697075;32;32;16;1000;rw;46828.632202;1800.061571;22283073952
1642697135;1642698935;32;32;16;1000;rw;45793.154734;1800.041995;22459964544
1642698995;1642700797;32;32;16;1000;rw;45199.933127;1801.878925;21417755560
1642701911;1642702811;32;32;16;7500;ro;75811.924376;900.063452;7960
1642702872;1642703772;32;32;16;7500;ro;75738.098816;900.072088;0
1642703832;1642704734;32;32;16;7500;ro;75780.500895;901.656409;0
1642704794;1642706594;32;32;16;7500;rw;27525.285048;1800.036418;13996584704
1642706654;1642708454;32;32;16;7500;rw;28473.147309;1800.023577;13458547928
1642708514;1642710316;32;32;16;7500;rw;25803.191798;1801.279711;12537431200
1642710532;1642711433;2;4;16;100;ro;527369.348407;900.016973;2504
1642711493;1642712393;2;4;16;100;ro;524605.193006;900.015994;232
1642712453;1642713360;2;4;16;100;ro;524410.286448;907.703738;0
1642713421;1642715221;2;4;16;100;rw;86432.775707;1800.051731;42813160208
1642715281;1642717081;2;4;16;100;rw;87726.209665;1800.052402;45847861296
1642717141;1642718945;2;4;16;100;rw;87173.148261;1803.375514;44119212032
1642719163;1642720063;2;4;16;1000;ro;447898.177510;900.018008;2640
1642720123;1642721023;2;4;16;1000;ro;451328.234325;900.056098;0
1642721083;1642721990;2;4;16;1000;ro;448496.207817;906.857157;0
1642722050;1642723850;2;4;16;1000;rw;79618.193623;1800.077885;40165427656
1642723910;1642725710;2;4;16;1000;rw;78059.874207;1800.060498;40837118248
1642725771;1642727574;2;4;16;1000;rw;77762.514956;1803.359164;39805364472
1642729002;1642729902;2;4;16;7500;ro;327559.811305;900.033136;3296
1642729962;1642730862;2;4;16;7500;ro;328037.854320;900.081860;0
1642730923;1642731828;2;4;16;7500;ro;327682.147190;905.490689;0
1642731888;1642733688;2;4;16;7500;rw;70294.192981;1800.078913;40788877720
1642733749;1642735549;2;4;16;7500;rw;70134.089037;1800.063450;35887268368
1642735609;1642737412;2;4;16;7500;rw;69539.249717;1803.187167;35365185184
1642737639;1642738539;4;2;16;100;ro;525043.521648;900.016726;704
1642738599;1642739499;4;2;16;100;ro;526269.459967;900.016460;232
1642739559;1642740467;4;2;16;100;ro;516150.189554;907.700246;0
1642740527;1642742327;4;2;16;100;rw;88312.379643;1800.054895;43256960800
1642742387;1642744187;4;2;16;100;rw;90247.320279;1800.041695;45466462584
1642744247;1642746051;4;2;16;100;rw;89553.955586;1803.627846;44995822184
1642746255;1642747155;4;2;16;1000;ro;450298.303922;900.016382;2272
1642747215;1642748115;4;2;16;1000;ro;449817.022634;900.029506;0
1642748175;1642749082;4;2;16;1000;ro;447495.472615;906.781324;0
1642749142;1642750942;4;2;16;1000;rw;80903.086089;1800.055937;39922807360
1642751002;1642752802;4;2;16;1000;rw;79130.972838;1800.071063;41027483944
1642752863;1642754666;4;2;16;1000;rw;77499.633471;1803.135402;40295702824
1642755927;1642756827;4;2;16;7500;ro;314376.938005;900.071986;1640
1642756888;1642757788;4;2;16;7500;ro;312392.447092;900.025349;0
1642757848;1642758753;4;2;16;7500;ro;310245.319192;905.148374;0
1642758813;1642760613;4;2;16;7500;rw;68082.201290;1800.075576;36278352960
1642760673;1642762474;4;2;16;7500;rw;67777.988021;1800.073233;34402330488
1642762534;1642764337;4;2;16;7500;rw;67777.623633;1803.026720;33922261624
1642764555;1642765455;16;32;16;100;ro;529026.463111;900.017091;21352
1642765516;1642766416;16;32;16;100;ro;531384.690812;900.020524;232
1642766476;1642767383;16;32;16;100;ro;524937.527921;907.678270;0
1642767443;1642769244;16;32;16;100;rw;76906.580897;1800.032494;35468074480
1642769304;1642771104;16;32;16;100;rw;78190.637706;1800.061806;38134902616
1642771164;1642772967;16;32;16;100;rw;78320.498824;1803.028002;36103314104
1642773151;1642774051;16;32;16;1000;ro;421307.080871;900.017408;656
1642774111;1642775011;16;32;16;1000;ro;420583.092803;900.023345;0
1642775071;1642775977;16;32;16;1000;ro;418373.220072;906.364671;0
1642776038;1642777838;16;32;16;1000;rw;59799.679061;1800.029306;28415145144
1642777898;1642779698;16;32;16;1000;rw;58365.068885;1800.043761;29465603800
1642779758;1642781560;16;32;16;1000;rw;58615.917162;1802.370510;28733670536
1642782698;1642783599;16;32;16;7500;ro;142340.679252;900.039860;7664
1642783659;1642784559;16;32;16;7500;ro;142843.286948;900.057325;0
1642784619;1642785522;16;32;16;7500;ro;142900.342998;902.631096;0
1642785582;1642787382;16;32;16;7500;rw;42683.518196;1800.073402;20932926752
1642787442;1642789242;16;32;16;7500;rw;43158.369623;1800.090278;20261942280
1642789303;1642791104;16;32;16;7500;rw;41971.509960;1801.886706;20983524128
1642791325;1642792225;4;16;16;100;ro;504836.001934;900.016154;6568
1642792286;1642793186;4;16;16;100;ro;506897.657766;900.021635;232
1642793246;1642794153;4;16;16;100;ro;501809.055656;907.374553;0
1642794213;1642796013;4;16;16;100;rw;83095.476444;1800.053973;40136893224
1642796074;1642797874;4;16;16;100;rw;84348.367630;1800.073908;42029036968
1642797934;1642799737;4;16;16;100;rw;84527.048033;1803.523600;42132848640
1642799936;1642800836;4;16;16;1000;ro;435448.449354;900.016248;9568
1642800896;1642801796;4;16;16;1000;ro;435134.255722;900.017305;0
1642801856;1642802763;4;16;16;1000;ro;432752.423782;906.598975;0
1642802823;1642804623;4;16;16;1000;rw;77177.634092;1800.017939;37725510032
1642804683;1642806483;4;16;16;1000;rw;75966.914649;1800.032422;38516613432
1642806544;1642808347;4;16;16;1000;rw;75233.230079;1803.056452;38806234008
1642809563;1642810463;4;16;16;7500;ro;316579.866951;900.021190;3728
1642810523;1642811423;4;16;16;7500;ro;305834.544097;900.045160;0
1642811484;1642812389;4;16;16;7500;ro;301752.193801;905.173946;0
1642812449;1642814249;4;16;16;7500;rw;66156.045645;1800.069164;34995743712
1642814309;1642816109;4;16;16;7500;rw;65827.725373;1800.063761;33088201600
1642816170;1642817972;4;16;16;7500;rw;65681.151067;1802.782623;33006035008
1642818197;1642819097;2;1;16;100;ro;523865.497947;900.019332;696
1642819157;1642820057;2;1;16;100;ro;525291.564363;900.017504;232
1642820117;1642821025;2;1;16;100;ro;521623.798269;907.623483;0
1642821085;1642822885;2;1;16;100;rw;86933.909649;1800.028387;43803256416
1642822945;1642824745;2;1;16;100;rw;88413.795054;1800.062485;46967182744
1642824805;1642826609;2;1;16;100;rw;87591.559801;1803.651084;45176834048
1642826834;1642827734;2;1;16;1000;ro;444719.494746;900.015171;680
1642827795;1642828695;2;1;16;1000;ro;447756.966774;900.031379;0
1642828755;1642829662;2;1;16;1000;ro;445945.902342;906.798881;0
1642829722;1642831522;2;1;16;1000;rw;79267.816847;1800.032347;40718264040
1642831582;1642833382;2;1;16;1000;rw;77012.245191;1800.073428;41431514880
1642833442;1642835245;2;1;16;1000;rw;76503.858862;1803.163279;39573466128
1642836709;1642837609;2;1;16;7500;ro;327410.005547;900.064152;728
1642837669;1642838569;2;1;16;7500;ro;324516.480989;900.026663;0
1642838630;1642839535;2;1;16;7500;ro;326115.870866;905.330125;0
1642839595;1642841395;2;1;16;7500;rw;68409.074646;1800.061924;40580743528
1642841456;1642843256;2;1;16;7500;rw;68768.087224;1800.035832;36143691888
1642843316;1642845119;2;1;16;7500;rw;68589.243794;1802.903208;35249286752
1642845346;1642846246;32;16;16;100;ro;550043.481290;900.023969;15080
1642846306;1642847206;32;16;16;100;ro;553794.536749;900.016577;0
1642847266;1642848174;32;16;16;100;ro;545418.884416;908.002997;0
1642848234;1642850034;32;16;16;100;rw;77294.174210;1800.059126;35472809832
1642850094;1642851894;32;16;16;100;rw;84906.377190;1800.029945;36966191880
1642851954;1642853758;32;16;16;100;rw;87888.639120;1803.330654;35114771928
1642853949;1642854849;32;16;16;1000;ro;404176.552389;900.018187;6400
1642854909;1642855809;32;16;16;1000;ro;404428.752588;900.027495;0
1642855869;1642856775;32;16;16;1000;ro;399166.165882;906.065420;0
1642856835;1642858635;32;16;16;1000;rw;48008.769743;1800.049074;22846188944
1642858695;1642860495;32;16;16;1000;rw;46987.710592;1800.056388;23104210760
1642860556;1642862358;32;16;16;1000;rw;46497.357766;1802.111955;21991546600
1642863479;1642864379;32;16;16;7500;ro;76027.652753;900.065418;7920
1642864439;1642865339;32;16;16;7500;ro;75919.567033;900.035759;0
1642865400;1642866301;32;16;16;7500;ro;76009.295398;901.611247;0
1642866361;1642868161;32;16;16;7500;rw;28541.065823;1800.081111;14483638704
1642868222;1642870022;32;16;16;7500;rw;29599.792628;1800.076202;14033309720
1642870082;1642871883;32;16;16;7500;rw;29165.359239;1801.304902;14142803256
1642872111;1642873011;1;1;16;100;ro;507956.981008;900.017155;104
1642873071;1642873971;1;1;16;100;ro;509401.126320;900.017937;232
1642874031;1642874939;1;1;16;100;ro;505280.159524;907.609310;0
1642874999;1642876799;1;1;16;100;rw;83076.615748;1800.047874;42568808552
1642876859;1642878659;1;1;16;100;rw;84160.509037;1800.025980;43383102872
1642878719;1642880523;1;1;16;100;rw;81723.842460;1803.701386;43000118272
1642880802;1642881702;1;1;16;1000;ro;436849.610806;900.021506;968
1642881762;1642882662;1;1;16;1000;ro;437202.896877;900.017651;0
1642882722;1642883629;1;1;16;1000;ro;434197.103337;906.646240;0
1642883689;1642885489;1;1;16;1000;rw;77354.711187;1800.051718;40628269816
1642885549;1642887350;1;1;16;1000;rw;75396.135332;1800.063454;38688608632
1642887410;1642889213;1;1;16;1000;rw;74955.547714;1803.322583;38490694656
1642891092;1642891992;1;1;16;7500;ro;317066.653647;900.069566;704
1642892052;1642892952;1;1;16;7500;ro;316858.276335;900.028427;0
1642893012;1642893918;1;1;16;7500;ro;316211.763028;905.314936;0
1642893978;1642895778;1;1;16;7500;rw;64541.918442;1800.065985;43790347768
1642895838;1642897638;1;1;16;7500;rw;64721.091864;1800.067361;38689144608
1642897699;1642899502;1;1;16;7500;rw;65266.218062;1802.918429;35499129544
1642899741;1642900641;8;32;16;100;ro;548316.444795;900.024794;11072
1642900701;1642901601;8;32;16;100;ro;548600.167941;900.016667;256
1642901661;1642902569;8;32;16;100;ro;541852.700695;907.888244;0
1642902629;1642904429;8;32;16;100;rw;80028.625769;1800.054373;37385515120
1642904489;1642906289;8;32;16;100;rw;81447.888379;1800.026017;39563369680
1642906349;1642908152;8;32;16;100;rw;81078.161415;1803.172688;39259333688
1642908345;1642909245;8;32;16;1000;ro;449754.284200;900.016231;5416
1642909305;1642910205;8;32;16;1000;ro;443148.983266;900.015956;0
1642910265;1642911172;8;32;16;1000;ro;448513.555731;906.937794;0
1642911233;1642913033;8;32;16;1000;rw;71187.301478;1800.019549;34535245248
1642913093;1642914893;8;32;16;1000;rw;70606.624376;1800.020781;34836171528
1642914953;1642916756;8;32;16;1000;rw;70177.944639;1802.903297;34245864616
1642917932;1642918832;8;32;16;7500;ro;261684.091742;900.017282;15712
1642918892;1642919792;8;32;16;7500;ro;263198.440449;900.032495;0
1642919852;1642920757;8;32;16;7500;ro;262439.847334;904.575074;0
1642920817;1642922617;8;32;16;7500;rw;52427.833385;1800.067934;26484521952
1642922677;1642924477;8;32;16;7500;rw;55012.911243;1800.080232;27338513872
1642924538;1642926340;8;32;16;7500;rw;53412.719592;1802.393385;27470786488
1642926565;1642927465;1;2;16;100;ro;522755.708514;900.017019;224
1642927525;1642928425;1;2;16;100;ro;526707.003173;900.017169;232
1642928485;1642929393;1;2;16;100;ro;518876.132784;907.637938;0
1642929453;1642931253;1;2;16;100;rw;84616.300275;1800.049951;42604992392
1642931314;1642933114;1;2;16;100;rw;85690.989979;1800.062753;43601009120
1642933174;1642934978;1;2;16;100;rw;83728.169320;1803.817752;43263438848
1642935257;1642936157;1;2;16;1000;ro;447329.663129;900.028371;1360
1642936217;1642937117;1;2;16;1000;ro;449090.315134;900.019603;0
1642937178;1642938084;1;2;16;1000;ro;446116.202941;906.771375;0
1642938145;1642939945;1;2;16;1000;rw;78456.302783;1800.024897;40688353224
1642940005;1642941805;1;2;16;1000;rw;76804.318746;1800.055784;38648489584
1642941865;1642943668;1;2;16;1000;rw;75673.944699;1803.204933;38098113640
1642945536;1642946436;1;2;16;7500;ro;324436.316028;900.028357;632
1642946496;1642947396;1;2;16;7500;ro;324729.691052;900.030756;0
1642947456;1642948362;1;2;16;7500;ro;315174.139240;905.377746;0
1642948422;1642950222;1;2;16;7500;rw;65871.626290;1800.076825;44078086768
1642950282;1642952082;1;2;16;7500;rw;65428.098299;1800.067015;38596583656
1642952143;1642953946;1;2;16;7500;rw;66222.638623;1802.915143;35514811744
1642954189;1642955089;2;16;16;100;ro;521697.047367;900.018325;5224
1642955149;1642956049;2;16;16;100;ro;521098.754406;900.017860;232
1642956109;1642957016;2;16;16;100;ro;520609.283654;907.627470;0
1642957077;1642958877;2;16;16;100;rw;83082.104204;1800.048286;41031569504
1642958937;1642960737;2;16;16;100;rw;84572.686081;1800.046912;43378798560
1642960797;1642962601;2;16;16;100;rw;83984.763766;1803.340173;42605745992
1642962822;1642963722;2;16;16;1000;ro;446416.852160;900.016398;10080
1642963782;1642964682;2;16;16;1000;ro;446485.185394;900.016844;0
1642964742;1642965649;2;16;16;1000;ro;442018.506395;906.772239;0
1642965709;1642967509;2;16;16;1000;rw;76183.951990;1800.052391;38298907752
1642967569;1642969369;2;16;16;1000;rw;75491.503895;1800.023966;39395267336
1642969429;1642971232;2;16;16;1000;rw;74445.436766;1803.084515;37973744272
1642972656;1642973556;2;16;16;7500;ro;315465.077868;900.068199;8256
1642973617;1642974517;2;16;16;7500;ro;313336.089703;900.066281;0
1642974577;1642975482;2;16;16;7500;ro;313413.224979;905.186797;0
1642975542;1642977343;2;16;16;7500;rw;65896.865536;1800.069105;38432150808
1642977403;1642979203;2;16;16;7500;rw;65937.484911;1800.063560;33927121336
1642979263;1642981066;2;16;16;7500;rw;65613.770867;1803.098044;32965276448
1642981294;1642982194;4;32;16;100;ro;527198.127481;900.022183;26896
1642982255;1642983155;4;32;16;100;ro;527547.939299;900.017467;232
1642983215;1642984122;4;32;16;100;ro;523566.808162;907.703788;0
1642984183;1642985983;4;32;16;100;rw;80485.858595;1800.016338;38878580568
1642986043;1642987843;4;32;16;100;rw;81813.758262;1800.065736;40874706432
1642987903;1642989706;4;32;16;100;rw;81726.735587;1803.169528;40820638152
1642989902;1642990802;4;32;16;1000;ro;450838.272004;900.014297;19880
1642990862;1642991763;4;32;16;1000;ro;448322.158051;900.029418;0
1642991823;1642992729;4;32;16;1000;ro;446560.154679;906.848711;0
1642992790;1642994590;4;32;16;1000;rw;74361.582223;1800.022241;36274653440
1642994650;1642996450;4;32;16;1000;rw;73471.649945;1800.049534;37292874824
1642996510;1642998313;4;32;16;1000;rw;72384.903553;1803.301016;37738582904
1642999533;1643000433;4;32;16;7500;ro;324402.646252;900.034447;5056
1643000493;1643001393;4;32;16;7500;ro;323535.157375;900.038079;0
1643001454;1643002359;4;32;16;7500;ro;322469.322385;905.289125;0
1643002419;1643004219;4;32;16;7500;rw;64457.625073;1800.061837;34162610840
1643004279;1643006080;4;32;16;7500;rw;64207.589331;1800.060555;32271179040
1643006140;1643007943;4;32;16;7500;rw;63758.052051;1802.850902;32056702128
1643008161;1643009061;32;8;16;100;ro;542912.989903;900.017550;7328
1643009122;1643010022;32;8;16;100;ro;544100.101356;900.016812;0
1643010082;1643010990;32;8;16;100;ro;538983.948739;908.138753;0
1643011050;1643012850;32;8;16;100;rw;78619.975644;1800.028888;36068947488
1643012910;1643014710;32;8;16;100;rw;86844.256096;1800.046949;37382449024
1643014770;1643016574;32;8;16;100;rw;89056.704257;1803.350886;35719668688
1643016763;1643017663;32;8;16;1000;ro;393494.318583;900.020356;5592
1643017723;1643018623;32;8;16;1000;ro;392721.010988;900.015675;0
1643018683;1643019590;32;8;16;1000;ro;393701.505955;906.473164;0
1643019650;1643021450;32;8;16;1000;rw;48424.880886;1800.018174;23073190240
1643021510;1643023310;32;8;16;1000;rw;47329.790078;1800.053762;23297583440
1643023370;1643025172;32;8;16;1000;rw;46726.324034;1802.065978;22125202504
1643026301;1643027201;32;8;16;7500;ro;76075.075736;900.075379;1464
1643027261;1643028161;32;8;16;7500;ro;75910.393285;900.030210;0
1643028222;1643029123;32;8;16;7500;ro;75641.255453;901.577644;0
1643029183;1643030983;32;8;16;7500;rw;27219.606008;1800.066939;13884349512
1643031044;1643032844;32;8;16;7500;rw;29977.740030;1800.035524;14216930776
1643032904;1643034705;32;8;16;7500;rw;29509.286051;1801.428855;14335849264
1643034926;1643035826;2;64;16;100;ro;529616.855094;900.069947;35656
1643035886;1643036787;2;64;16;100;ro;527649.511455;900.022796;232
1643036847;1643037754;2;64;16;100;ro;523631.612090;907.756682;0
1643037814;1643039615;2;64;16;100;rw;70683.137854;1800.024818;35184401936
1643039675;1643041475;2;64;16;100;rw;72196.623237;1800.057788;37294190472
1643041535;1643043338;2;64;16;100;rw;71553.844493;1803.083153;37259399296
1643043554;1643044454;2;64;16;1000;ro;451510.732948;900.017768;30200
1643044514;1643045415;2;64;16;1000;ro;450938.427084;900.018377;0
1643045475;1643046381;2;64;16;1000;ro;448518.247379;906.791629;0
1643046441;1643048242;2;64;16;1000;rw;65637.237441;1800.056442;33028573608
1643048302;1643050102;2;64;16;1000;rw;64108.646338;1800.026237;33959898472
1643050162;1643051965;2;64;16;1000;rw;64044.333857;1802.743638;33268508984
1643053379;1643054279;2;64;16;7500;ro;328013.793018;900.032928;47144
1643054339;1643055239;2;64;16;7500;ro;328746.178626;900.067287;0
1643055300;1643056205;2;64;16;7500;ro;327301.681422;905.367446;0
1643056265;1643058065;2;64;16;7500;rw;57518.104238;1800.033167;34210947200
1643058125;1643059926;2;64;16;7500;rw;58154.876157;1800.073053;30280903024
1643059986;1643061788;2;64;16;7500;rw;57903.548187;1802.609722;29243868176
1643062016;1643062916;2;8;16;100;ro;531201.323550;900.017298;2544
1643062976;1643063876;2;8;16;100;ro;529446.680514;900.031243;232
1643063936;1643064844;2;8;16;100;ro;528880.392193;907.700070;0
1643064904;1643066704;2;8;16;100;rw;86295.777910;1800.047928;42602738624
1643066764;1643068564;2;8;16;100;rw;87519.481637;1800.025465;45360856656
1643068624;1643070428;2;8;16;100;rw;87025.404753;1803.494225;44070493728
1643070646;1643071546;2;8;16;1000;ro;455161.519466;900.016682;4840
1643071606;1643072506;2;8;16;1000;ro;453712.426761;900.023313;0
1643072566;1643073473;2;8;16;1000;ro;446601.801088;906.783136;0
1643073533;1643075333;2;8;16;1000;rw;79094.375217;1800.057038;39798028968
1643075394;1643077194;2;8;16;1000;rw;77255.951077;1800.021414;40669965848
1643077254;1643079057;2;8;16;1000;rw;77093.472803;1803.203255;39059731096
1643080503;1643081403;2;8;16;7500;ro;329784.956499;900.029511;7120
1643081464;1643082364;2;8;16;7500;ro;327885.336983;900.054101;0
1643082424;1643083330;2;8;16;7500;ro;328702.486658;905.490222;0
1643083390;1643085190;2;8;16;7500;rw;69364.709827;1800.062674;40224298432
1643085250;1643087050;2;8;16;7500;rw;69317.704573;1800.067431;35687542008
1643087110;1643088914;2;8;16;7500;rw;69116.674927;1803.212121;34660533472
1643089151;1643090051;1;8;16;100;ro;528430.805888;900.018670;8032
1643090111;1643091011;1;8;16;100;ro;526788.821992;900.032612;256
1643091071;1643091979;1;8;16;100;ro;520024.560713;907.678596;0
1643092039;1643093839;1;8;16;100;rw;83209.257545;1800.027859;41760707160
1643093899;1643095699;1;8;16;100;rw;83995.964933;1800.037206;42792165376
1643095759;1643097563;1;8;16;100;rw;83631.564091;1803.634973;42722271232
1643097834;1643098734;1;8;16;1000;ro;445169.567818;900.017266;536
1643098794;1643099694;1;8;16;1000;ro;450791.934177;900.057893;0
1643099755;1643100661;1;8;16;1000;ro;446158.476976;906.785956;0
1643100722;1643102522;1;8;16;1000;rw;77133.124669;1800.026822;39693334760
1643102582;1643104382;1;8;16;1000;rw;77501.904399;1800.079473;38614982952
1643104442;1643106246;1;8;16;1000;rw;76505.422431;1803.470086;38155484464
1643108030;1643108930;1;8;16;7500;ro;320045.679044;900.032475;5680
1643108990;1643109890;1;8;16;7500;ro;322536.839728;900.042933;0
1643109950;1643110856;1;8;16;7500;ro;321842.294552;905.568428;0
1643110916;1643112716;1;8;16;7500;rw;66346.363887;1800.109819;43970121488
1643112776;1643114577;1;8;16;7500;rw;65874.281617;1800.075194;38494324352
1643114637;1643116440;1;8;16;7500;rw;66495.392965;1803.188695;35311533624
1643116679;1643117579;8;1;16;100;ro;539060.902094;900.016478;352
1643117639;1643118539;8;1;16;100;ro;542825.936749;900.020341;232
1643118599;1643119507;8;1;16;100;ro;535842.617009;907.876519;0
1643119567;1643121367;8;1;16;100;rw;87993.670599;1800.059658;41949312816
1643121427;1643123228;8;1;16;100;rw;89658.711924;1800.055207;45627421152
1643123288;1643125091;8;1;16;100;rw;88962.915238;1803.381802;43823438520
1643125286;1643126186;8;1;16;1000;ro;442167.531843;900.014766;1184
1643126246;1643127146;8;1;16;1000;ro;440906.477804;900.022383;0
1643127206;1643128113;8;1;16;1000;ro;440423.777123;906.779405;0
1643128173;1643129973;8;1;16;1000;rw;78671.657970;1800.019990;38892139000
1643130033;1643131834;8;1;16;1000;rw;76034.878341;1800.060989;38416154448
1643131894;1643133697;8;1;16;1000;rw;74228.195140;1803.012178;37829458008
1643134920;1643135820;8;1;16;7500;ro;261076.443515;900.064357;728
1643135880;1643136780;8;1;16;7500;ro;260374.301843;900.070466;0
1643136840;1643137745;8;1;16;7500;ro;259788.356687;904.623596;0
1643137805;1643139605;8;1;16;7500;rw;58433.991827;1800.031117;29995494520
1643139665;1643141466;8;1;16;7500;rw;58845.446120;1800.037212;29849616408
1643141526;1643143328;8;1;16;7500;rw;56652.661679;1802.381812;29695129520
1643143547;1643144447;32;64;16;100;ro;535944.896209;900.031085;4128
1643144507;1643145407;32;64;16;100;ro;533999.286460;900.050376;0
1643145468;1643146375;32;64;16;100;ro;537427.315321;907.857236;0
1643146435;1643148236;32;64;16;100;rw;66492.765803;1800.021313;30633906144
1643148296;1643150096;32;64;16;100;rw;68331.918834;1800.059384;31910863872
1643150156;1643151958;32;64;16;100;rw;70224.136532;1802.672532;31195121864
1643152148;1643153048;32;64;16;1000;ro;396221.210334;900.023232;33312
1643153108;1643154009;32;64;16;1000;ro;396585.501622;900.022364;0
1643154069;1643154975;32;64;16;1000;ro;392597.048270;906.047615;0
1643155035;1643156835;32;64;16;1000;rw;43459.057343;1800.021662;20727043984
1643156895;1643158695;32;64;16;1000;rw;42658.180342;1800.103659;19798882384
1643158755;1643160557;32;64;16;1000;rw;41893.444318;1801.917120;21428831160
1643161663;1643162563;32;64;16;7500;ro;75960.111853;900.067144;48584
1643162623;1643163524;32;64;16;7500;ro;76002.929425;900.062783;0
1643163584;1643164485;32;64;16;7500;ro;76111.610359;901.605845;0
1643164546;1643166346;32;64;16;7500;rw;26846.640813;1800.098944;13674093536
1643166406;1643168206;32;64;16;7500;rw;27818.245656;1800.069271;13127009288
1643168266;1643170068;32;64;16;7500;rw;27441.246662;1801.397287;13325203112
1643170284;1643171184;4;4;16;100;ro;533625.812386;900.062869;352
1643171244;1643172144;4;4;16;100;ro;526109.041505;900.016993;232
1643172204;1643173112;4;4;16;100;ro;530822.145935;907.728802;0
1643173172;1643174972;4;4;16;100;rw;87684.903349;1800.050528;42713018304
1643175032;1643176833;4;4;16;100;rw;89348.359615;1800.082102;44790538816
1643176893;1643178696;4;4;16;100;rw;89753.827588;1803.419862;44892966280
1643178899;1643179799;4;4;16;1000;ro;454280.105498;900.020741;552
1643179859;1643180759;4;4;16;1000;ro;453517.345257;900.024035;0
1643180819;1643181726;4;4;16;1000;ro;450732.703897;906.877501;0
1643181786;1643183586;4;4;16;1000;rw;80808.568323;1800.023533;39604269064
1643183646;1643185446;4;4;16;1000;rw;79429.900998;1800.044032;41095362864
1643185506;1643187310;4;4;16;1000;rw;78518.503347;1803.174024;40205029232
1643188539;1643189439;4;4;16;7500;ro;322216.863601;900.032759;3776
1643189499;1643190399;4;4;16;7500;ro;327090.144376;900.073503;0
1643190459;1643191365;4;4;16;7500;ro;323586.425442;905.300619;0
1643191425;1643193225;4;4;16;7500;rw;70083.889479;1800.026144;37000396632
1643193285;1643195085;4;4;16;7500;rw;69724.976244;1800.031415;35181360288
1643195145;1643196948;4;4;16;7500;rw;69274.371720;1802.883128;34849586800
1643197167;1643198067;16;2;16;100;ro;531464.098028;900.017838;208
1643198127;1643199027;16;2;16;100;ro;534293.525547;900.017634;232
1643199087;1643199995;16;2;16;100;ro;523835.847579;907.781896;0
1643200055;1643201855;16;2;16;100;rw;84810.087720;1800.068848;39338541376
1643201915;1643203715;16;2;16;100;rw;87375.055871;1800.055351;41984727776
1643203775;1643205579;16;2;16;100;rw;87717.391283;1803.371699;40250528512
1643205766;1643206666;16;2;16;1000;ro;423381.100618;900.028604;1416
1643206726;1643207626;16;2;16;1000;ro;426642.940328;900.015919;0
1643207686;1643208593;16;2;16;1000;ro;422974.899951;906.526351;0
1643208653;1643210453;16;2;16;1000;rw;63636.461020;1800.030043;30484612048
1643210513;1643212313;16;2;16;1000;rw;62045.948415;1800.067494;31685510592
1643212374;1643214176;16;2;16;1000;rw;61978.255564;1802.530727;30566849624
1643215327;1643216227;16;2;16;7500;ro;142187.568545;900.032359;1416
1643216288;1643217188;16;2;16;7500;ro;142371.605392;900.057113;0
1643217248;1643218150;16;2;16;7500;ro;142339.725445;902.538217;0
1643218210;1643220011;16;2;16;7500;rw;44015.890873;1800.071365;21820184864
1643220071;1643221871;16;2;16;7500;rw;44772.044004;1800.058888;22599520960
1643221931;1643223733;16;2;16;7500;rw;43319.667922;1801.985620;21766067992
1643223956;1643224856;2;32;16;100;ro;531413.096784;900.018102;8768
1643224916;1643225816;2;32;16;100;ro;532556.081040;900.016409;232
1643225876;1643226784;2;32;16;100;ro;524758.188447;907.796766;0
1643226844;1643228644;2;32;16;100;rw;79617.370892;1800.061132;39347647320
1643228704;1643230504;2;32;16;100;rw;80931.292472;1800.022227;41401946144
1643230565;1643232368;2;32;16;100;rw;79858.969337;1803.284511;40785524992
1643232586;1643233486;2;32;16;1000;ro;448606.124680;900.024362;12944
1643233546;1643234446;2;32;16;1000;ro;449502.844003;900.020080;0
1643234507;1643235414;2;32;16;1000;ro;446199.631330;906.903657;0
1643235474;1643237274;2;32;16;1000;rw;73110.450081;1800.050847;36738858744
1643237334;1643239134;2;32;16;1000;rw;71931.864432;1800.050253;37692074552
1643239194;1643240997;2;32;16;1000;rw;71124.126140;1803.178546;36701206824
1643242411;1643243311;2;32;16;7500;ro;322771.665730;900.020080;26112
1643243371;1643244271;2;32;16;7500;ro;320717.498187;900.024620;0
1643244331;1643245237;2;32;16;7500;ro;322950.102904;905.248372;0
1643245297;1643247097;2;32;16;7500;rw;63159.724059;1800.059898;37053870608
1643247157;1643248957;2;32;16;7500;rw;63550.206739;1800.037072;32829669224
1643249018;1643250821;2;32;16;7500;rw;63318.172895;1802.838091;31796663736
1643251046;1643251946;8;2;16;100;ro;548066.180657;900.016796;1768
1643252007;1643252907;8;2;16;100;ro;542266.278972;900.065136;232
1643252967;1643253875;8;2;16;100;ro;546389.410869;908.086157;0
1643253935;1643255735;8;2;16;100;rw;88006.012622;1800.025278;41464366288
1643255795;1643257595;8;2;16;100;rw;89363.252687;1800.030045;43753797200
1643257655;1643259459;8;2;16;100;rw;88961.862001;1803.354889;43176343312
1643259647;1643260548;8;2;16;1000;ro;450807.828168;900.024655;1424
1643260608;1643261508;8;2;16;1000;ro;448796.821958;900.017772;0
1643261568;1643262475;8;2;16;1000;ro;446834.242575;906.770520;0
1643262535;1643264335;8;2;16;1000;rw;78272.943274;1800.056362;38256190712
1643264395;1643266195;8;2;16;1000;rw;76246.814752;1800.057077;38243986672
1643266255;1643268058;8;2;16;1000;rw;74565.424403;1802.918092;37724323544
1643269252;1643270152;8;2;16;7500;ro;258782.114250;900.045310;1456
1643270212;1643271113;8;2;16;7500;ro;257233.668998;900.024364;0
1643271173;1643272077;8;2;16;7500;ro;256765.133227;904.575857;0
1643272137;1643273937;8;2;16;7500;rw;58768.120187;1800.043209;29802555808
1643273998;1643275798;8;2;16;7500;rw;59271.099672;1800.035234;29734244704
1643275858;1643277661;8;2;16;7500;rw;56807.464710;1802.734505;29429837008
1643277881;1643278781;2;2;16;100;ro;517956.782214;900.066513;2096
1643278841;1643279741;2;2;16;100;ro;525857.685329;900.016975;232
1643279801;1643280709;2;2;16;100;ro;522369.327786;907.761244;0
1643280769;1643282569;2;2;16;100;rw;86819.837965;1800.048660;43225641512
1643282629;1643284430;2;2;16;100;rw;88239.071140;1800.037215;46021928688
1643284490;1643286293;2;2;16;100;rw;87145.969748;1803.464688;44593590272
1643286513;1643287413;2;2;16;1000;ro;446976.280108;900.016832;872
1643287473;1643288373;2;2;16;1000;ro;445796.629646;900.018283;0
1643288433;1643289340;2;2;16;1000;ro;440833.767200;906.684746;0
1643289400;1643291200;2;2;16;1000;rw;78949.695833;1800.082663;40072346600
1643291261;1643293061;2;2;16;1000;rw;77040.230942;1800.020942;40549703544
1643293121;1643294925;2;2;16;1000;rw;76344.631101;1803.590116;39317129352
1643296381;1643297281;2;2;16;7500;ro;324183.343133;900.033438;1864
1643297341;1643298241;2;2;16;7500;ro;315021.874808;900.026337;0
1643298301;1643299207;2;2;16;7500;ro;311543.425490;905.144289;0
1643299267;1643301067;2;2;16;7500;rw;67130.643979;1800.076726;39459931032
1643301127;1643302927;2;2;16;7500;rw;67230.327895;1800.064196;34964820592
1643302987;1643304791;2;2;16;7500;rw;67125.576092;1803.169449;34107653944
1643305016;1643305916;16;1;16;100;ro;518561.225779;900.017090;712
1643305976;1643306876;16;1;16;100;ro;517618.532661;900.024492;232
1643306936;1643307844;16;1;16;100;ro;511829.129358;907.561900;0
1643307904;1643309704;16;1;16;100;rw;83627.558501;1800.021976;39320460016
1643309764;1643311564;16;1;16;100;rw;85791.338795;1800.054777;41894716504
1643311624;1643313427;16;1;16;100;rw;86455.741025;1803.257211;40359175152
1643313618;1643314518;16;1;16;1000;ro;417850.362662;900.016425;784
1643314578;1643315478;16;1;16;1000;ro;418910.592586;900.017011;0
1643315538;1643316444;16;1;16;1000;ro;413327.522907;906.271945;0
1643316504;1643318304;16;1;16;1000;rw;64742.856722;1800.030197;31376005344
1643318364;1643320165;16;1;16;1000;rw;62499.287778;1800.055871;32278081144
1643320225;1643322027;16;1;16;1000;rw;62625.920247;1802.665583;31203925656
1643323200;1643324100;16;1;16;7500;ro;140080.427522;900.080451;440
1643324160;1643325060;16;1;16;7500;ro;142095.036702;900.057906;0
1643325121;1643326023;16;1;16;7500;ro;142233.532583;902.711136;0
1643326083;1643327883;16;1;16;7500;rw;43674.291523;1800.057577;21920806576
1643327944;1643329744;16;1;16;7500;rw;44296.832815;1800.034202;21306688152
1643329804;1643331606;16;1;16;7500;rw;42613.294355;1801.971531;23354634040
1643331822;1643332722;16;4;16;100;ro;532665.322394;900.018174;3400
1643332782;1643333682;16;4;16;100;ro;536215.793442;900.054990;232
1643333742;1643334650;16;4;16;100;ro;532112.364288;908.172626;0
1643334710;1643336510;16;4;16;100;rw;85023.076943;1800.051388;39189152776
1643336571;1643338371;16;4;16;100;rw;87273.935032;1800.054275;41261836504
1643338431;1643340234;16;4;16;100;rw;87831.239949;1803.328477;39999021000
1643340417;1643341317;16;4;16;1000;ro;428054.395124;900.028496;688
1643341377;1643342277;16;4;16;1000;ro;430869.082401;900.017552;0
1643342338;1643343244;16;4;16;1000;ro;428900.742350;906.476411;0
1643343304;1643345104;16;4;16;1000;rw;65523.881019;1800.071103;31184067872
1643345164;1643346964;16;4;16;1000;rw;63173.588254;1800.055799;31829384240
1643347025;1643348827;16;4;16;1000;rw;64061.894051;1802.720644;31879611992
1643349965;1643350865;16;4;16;7500;ro;142228.819589;900.030108;1064
1643350925;1643351825;16;4;16;7500;ro;142673.466684;900.032691;0
1643351886;1643352788;16;4;16;7500;ro;142735.244133;902.614493;0
1643352848;1643354648;16;4;16;7500;rw;45513.595548;1800.082124;22400232096
1643354709;1643356509;16;4;16;7500;rw;46113.565486;1800.058172;23152243456
1643356569;1643358371;16;4;16;7500;rw;44661.259865;1801.992376;22402781376
1643358590;1643359490;16;8;16;100;ro;534594.504500;900.018483;6016
1643359550;1643360450;16;8;16;100;ro;538377.120173;900.016531;232
1643360510;1643361418;16;8;16;100;ro;525526.375795;907.722480;0
1643361478;1643363278;16;8;16;100;rw;83060.966468;1800.021631;38256637800
1643363338;1643365138;16;8;16;100;rw;85769.357997;1800.018455;41122269448
1643365198;1643367002;16;8;16;100;rw;85799.781101;1803.241746;39432962840
1643367186;1643368086;16;8;16;1000;ro;428490.075657;900.015111;4968
1643368146;1643369046;16;8;16;1000;ro;428770.709472;900.017144;0
1643369106;1643370013;16;8;16;1000;ro;426319.632528;906.480648;0
1643370073;1643371873;16;8;16;1000;rw;63919.326648;1800.055459;30343370456
1643371933;1643373733;16;8;16;1000;rw;62030.221076;1800.053913;31431155584
1643373793;1643375596;16;8;16;1000;rw;62563.341303;1802.577616;30613410800
1643376717;1643377617;16;8;16;7500;ro;143093.529781;900.031369;3224
1643377677;1643378577;16;8;16;7500;ro;142715.180512;900.033390;0
1643378637;1643379540;16;8;16;7500;ro;142750.192984;902.642108;0
1643379600;1643381400;16;8;16;7500;rw;45175.780104;1800.084338;22177962872
1643381460;1643383260;16;8;16;7500;rw;45731.680677;1800.066411;22856857048
1643383321;1643385123;16;8;16;7500;rw;44243.695983;1802.112821;22112832360
1643385342;1643386242;8;4;16;100;ro;531550.928532;900.067130;592
1643386302;1643387202;8;4;16;100;ro;529811.691474;900.029634;232
1643387262;1643388170;8;4;16;100;ro;525745.809136;907.807041;0
1643388230;1643390030;8;4;16;100;rw;87100.337348;1800.024492;40809429008
1643390090;1643391890;8;4;16;100;rw;88887.438137;1800.029048;44325119880
1643391950;1643393754;8;4;16;100;rw;88512.378384;1803.354516;42659817472
1643393942;1643394842;8;4;16;1000;ro;439760.759375;900.016124;1776
1643394902;1643395802;8;4;16;1000;ro;437365.090771;900.015713;0
1643395862;1643396769;8;4;16;1000;ro;436387.827797;906.581365;0
1643396829;1643398629;8;4;16;1000;rw;77477.103561;1800.059667;37638099576
1643398689;1643400489;8;4;16;1000;rw;75409.982359;1800.059951;37342876608
1643400550;1643402353;8;4;16;1000;rw;75209.281646;1803.075719;36694324008
1643403530;1643404430;8;4;16;7500;ro;260679.590963;900.038755;496
1643404490;1643405390;8;4;16;7500;ro;261299.767780;900.072704;0
1643405451;1643406355;8;4;16;7500;ro;261037.175253;904.514781;0
1643406415;1643408215;8;4;16;7500;rw;59790.388809;1800.022871;30107458624
1643408276;1643410076;8;4;16;7500;rw;59944.246822;1800.032662;29925055368
1643410136;1643411938;8;4;16;7500;rw;58253.651323;1802.435316;29950715160
1643412155;1643413055;8;16;16;100;ro;539570.220795;900.016400;12280
1643413115;1643414015;8;16;16;100;ro;541437.111750;900.027756;232
1643414075;1643414983;8;16;16;100;ro;535075.671853;907.873631;0
1643415043;1643416843;8;16;16;100;rw;84086.113196;1800.024343;39327730288
1643416903;1643418704;8;16;16;100;rw;85677.778667;1800.039193;42614618960
1643418764;1643420567;8;16;16;100;rw;85423.164172;1803.321254;41186718720
1643420758;1643421658;8;16;16;1000;ro;445746.316546;900.026071;1168
1643421718;1643422618;8;16;16;1000;ro;444470.092528;900.017496;0
1643422678;1643423585;8;16;16;1000;ro;439568.933075;906.774058;0
1643423645;1643425445;8;16;16;1000;rw;73995.008371;1800.020176;35863869912
1643425505;1643427305;8;16;16;1000;rw;73746.790385;1800.091385;36519758944
1643427365;1643429168;8;16;16;1000;rw;72607.024822;1802.944240;34985618008
1643430338;1643431238;8;16;16;7500;ro;261476.692167;900.062450;13832
1643431298;1643432198;8;16;16;7500;ro;260674.658923;900.061065;0
1643432258;1643433163;8;16;16;7500;ro;261103.218373;904.635760;0
1643433223;1643435023;8;16;16;7500;rw;56951.778195;1800.064977;28636415552
1643435083;1643436883;8;16;16;7500;rw;57487.156628;1800.053609;28423272544
1643436944;1643438746;8;16;16;7500;rw;55768.252804;1802.456603;27314069704
1643438971;1643439871;1;64;16;100;ro;517162.731055;900.017499;9264
1643439931;1643440831;1;64;16;100;ro;515843.255211;900.018080;232
1643440891;1643441799;1;64;16;100;ro;512955.622648;907.637094;0
1643441859;1643443659;1;64;16;100;rw;69939.690381;1800.020101;35648986392
1643443719;1643445519;1;64;16;100;rw;70559.129602;1800.061315;36753027400
1643445579;1643447383;1;64;16;100;rw;70470.678563;1803.233237;36213755960
1643447657;1643448557;1;64;16;1000;ro;439416.198868;900.016406;46416
1643448617;1643449517;1;64;16;1000;ro;443018.051237;900.031846;0
1643449577;1643450484;1;64;16;1000;ro;437992.932695;906.698451;0
1643450544;1643452344;1;64;16;1000;rw;65375.492363;1800.056077;34133617016
1643452405;1643454205;1;64;16;1000;rw;64862.296544;1800.029436;32966359480
1643454265;1643456068;1;64;16;1000;rw;64512.878033;1802.946149;31920241464
1643457902;1643458802;1;64;16;7500;ro;316830.692982;900.024193;12752
1643458862;1643459763;1;64;16;7500;ro;321679.015833;900.081484;0
1643459823;1643460728;1;64;16;7500;ro;320535.428977;905.204345;0
1643460788;1643462588;1;64;16;7500;rw;54852.183725;1800.037673;36954008312
1643462649;1643464449;1;64;16;7500;rw;55332.811004;1800.064609;32007611384
1643464509;1643466312;1;64;16;7500;rw;55322.299462;1802.604022;31872864968
1643466553;1643467453;8;64;16;100;ro;549601.470750;900.017325;51720
1643467513;1643468413;8;64;16;100;ro;549739.571464;900.017114;232
1643468473;1643469381;8;64;16;100;ro;545620.402023;907.952763;0
1643469441;1643471241;8;64;16;100;rw;72648.588280;1800.029246;33870585384
1643471301;1643473101;8;64;16;100;rw;73718.307270;1800.018633;36389810264
1643473161;1643474964;8;64;16;100;rw;73344.269763;1803.000005;34027559104
1643475155;1643476055;8;64;16;1000;ro;449380.051465;900.016510;48872
1643476116;1643477016;8;64;16;1000;ro;447864.567857;900.018252;0
1643477076;1643477983;8;64;16;1000;ro;446367.521721;906.805887;0
1643478043;1643479843;8;64;16;1000;rw;64684.716482;1800.017668;31390098072
1643479903;1643481703;8;64;16;1000;rw;63675.160986;1800.035230;31962299624
1643481763;1643483566;8;64;16;1000;rw;64256.164429;1802.701255;31297929368
1643484734;1643485634;8;64;16;7500;ro;262169.077522;900.056793;34544
1643485694;1643486595;8;64;16;7500;ro;260293.567644;900.067387;0
1643486655;1643487560;8;64;16;7500;ro;261829.489599;904.641058;0
1643487620;1643489420;8;64;16;7500;rw;49857.301642;1800.064796;25264951176
1643489480;1643491280;8;64;16;7500;rw;50483.960888;1800.037913;25176542392
1643491340;1643493142;8;64;16;7500;rw;49290.674027;1802.121206;24070867832
1643493359;1643494259;32;4;16;100;ro;539557.505134;900.017618;4088
1643494319;1643495219;32;4;16;100;ro;538072.925359;900.016890;0
1643495279;1643496187;32;4;16;100;ro;539172.581326;908.014137;0
1643496247;1643498047;32;4;16;100;rw;79909.871063;1800.019403;36729058936
1643498107;1643499907;32;4;16;100;rw;88982.016223;1800.022052;38254008936
1643499967;1643501771;32;4;16;100;rw;91416.584622;1803.476666;36292521744
1643501962;1643502862;32;4;16;1000;ro;393680.030261;900.025974;3168
1643502922;1643503822;32;4;16;1000;ro;396203.436979;900.016177;0
1643503883;1643504789;32;4;16;1000;ro;393842.659283;905.953181;0
1643504849;1643506649;32;4;16;1000;rw;48820.779982;1800.079859;23324456784
1643506709;1643508509;32;4;16;1000;rw;47619.889523;1800.030635;23484945872
1643508569;1643510371;32;4;16;1000;rw;47277.901978;1802.123751;22384067232
1643511486;1643512386;32;4;16;7500;ro;75853.258657;900.023887;584
1643512446;1643513346;32;4;16;7500;ro;75890.029806;900.034269;0
1643513406;1643514308;32;4;16;7500;ro;75891.301830;901.535982;0
1643514368;1643516168;32;4;16;7500;rw;29328.535770;1800.054543;14919506800
1643516228;1643518028;32;4;16;7500;rw;30201.755228;1800.055795;14405624312
1643518089;1643519890;32;4;16;7500;rw;29709.316838;1801.459141;14440996272
1643520106;1643521006;16;16;16;100;ro;535918.748800;900.018529;9384
1643521066;1643521967;16;16;16;100;ro;535726.578390;900.068823;232
1643522027;1643522934;16;16;16;100;ro;532872.586753;907.798844;0
1643522994;1643524795;16;16;16;100;rw;80883.328733;1800.046917;37296518128
1643524855;1643526655;16;16;16;100;rw;82158.569915;1800.029954;39837334152
1643526715;1643528518;16;16;16;100;rw;82995.521964;1803.202349;38364035640
1643528703;1643529603;16;16;16;1000;ro;427389.842290;900.018583;15504
1643529663;1643530563;16;16;16;1000;ro;430818.115839;900.021843;0
1643530623;1643531530;16;16;16;1000;ro;429771.132710;906.648707;0
1643531590;1643533390;16;16;16;1000;rw;62741.623820;1800.025629;29788760568
1643533450;1643535250;16;16;16;1000;rw;61153.947908;1800.040202;30807260096
1643535311;1643537113;16;16;16;1000;rw;61825.153947;1802.573807;30147964248
1643538235;1643539135;16;16;16;7500;ro;142496.575010;900.063865;2120
1643539196;1643540096;16;16;16;7500;ro;142021.438022;900.020212;0
1643540156;1643541059;16;16;16;7500;ro;142706.092268;902.626290;0
1643541119;1643542919;16;16;16;7500;rw;37666.866777;1800.100758;18589207328
1643542979;1643544779;16;16;16;7500;rw;44645.172620;1800.025716;20991097896
1643544839;1643546641;16;16;16;7500;rw;43444.122412;1802.062704;22679558552
1643546859;1643547759;32;2;16;100;ro;542194.374877;900.023793;1064
1643547819;1643548719;32;2;16;100;ro;542402.207342;900.017359;0
1643548779;1643549687;32;2;16;100;ro;538305.349032;907.857207;0
1643549747;1643551547;32;2;16;100;rw;79154.894394;1800.054377;36629074328
1643551607;1643553407;32;2;16;100;rw;87634.155503;1800.051073;38144141664
1643553468;1643555271;32;2;16;100;rw;89812.862900;1803.461555;36162859760
1643555464;1643556364;32;2;16;1000;ro;399541.398915;900.017597;720
1643556424;1643557324;32;2;16;1000;ro;394876.743559;900.017809;0
1643557385;1643558291;32;2;16;1000;ro;394985.283753;906.055830;0
1643558351;1643560151;32;2;16;1000;rw;48723.730759;1800.063201;23420855048
1643560211;1643562011;32;2;16;1000;rw;47813.741530;1800.030905;23738703616
1643562071;1643563873;32;2;16;1000;rw;47198.683850;1801.917818;22500682432
1643565018;1643565918;32;2;16;7500;ro;75743.241851;900.068909;1976
1643565978;1643566879;32;2;16;7500;ro;75643.587550;900.040224;0
1643566939;1643567840;32;2;16;7500;ro;75696.859045;901.641445;0
1643567901;1643569701;32;2;16;7500;rw;28140.405358;1800.060641;14444100064
1643569761;1643571561;32;2;16;7500;rw;29131.570363;1800.074171;13941455008
1643571621;1643573423;32;2;16;7500;rw;28697.426752;1801.414461;14076052752
