1649940966;1649941866;8;8;16;50;ro;127049.632946;900.053566;832
1649941926;1649942826;8;8;16;50;ro;127972.998242;900.043891;0
1649942886;1649943788;8;8;16;50;ro;125896.167869;901.806641;0
1649943848;1649945648;8;8;16;50;rw;20155.608616;1800.046463;11703649200
1649945708;1649947508;8;8;16;50;rw;20695.522071;1800.068531;12415947056
1649947568;1649949369;8;8;16;50;rw;20710.066292;1800.708042;11742054288
1649949461;1649950361;8;8;16;250;ro;105650.960821;900.048724;6832
1649950421;1649951322;8;8;16;250;ro;105771.036103;900.051838;0
1649951382;1649952283;8;8;16;250;ro;105627.770071;901.597916;0
1649952343;1649954143;8;8;16;250;rw;17275.178186;1800.029100;19896777440
1649954203;1649956003;8;8;16;250;rw;17386.383749;1800.060162;21547694232
1649956063;1649957864;8;8;16;250;rw;17565.586795;1800.623366;18881133720
1649958062;1649958962;8;8;16;1000;ro;49224.216183;900.046635;8488
1649959022;1649959922;8;8;16;1000;ro;49392.808110;900.080473;0
1649959982;1649960883;8;8;16;1000;ro;49987.596619;900.795417;0
1649960943;1649962743;8;8;16;1000;rw;6419.044771;1800.063606;42290518424
1649962803;1649964603;8;8;16;1000;rw;7664.052244;1800.068817;43915003312
1649964663;1649966464;8;8;16;1000;rw;7652.976409;1800.344188;43462818104
1649966651;1649967551;32;8;16;50;ro;123817.256353;900.046315;3888
1649967611;1649968512;32;8;16;50;ro;124165.947092;900.038640;0
1649968572;1649969473;32;8;16;50;ro;123563.038645;901.757245;0
1649969533;1649971333;32;8;16;50;rw;18701.958934;1800.044011;11191252056
1649971393;1649973194;32;8;16;50;rw;18614.256880;1800.064660;11554958448
1649973254;1649975054;32;8;16;50;rw;18535.543494;1800.655548;10804709376
1649975146;1649976046;32;8;16;250;ro;85175.472028;900.054393;2784
1649976106;1649977006;32;8;16;250;ro;84472.089167;900.051472;0
1649977066;1649977967;32;8;16;250;ro;85105.925157;901.260573;0
1649978027;1649979827;32;8;16;250;rw;11827.555979;1800.071218;17275978720
1649979887;1649981687;32;8;16;250;rw;11700.890048;1800.046482;20680005584
1649981747;1649983548;32;8;16;250;rw;11918.304511;1800.483575;16860043304
1649983759;1649984659;32;8;16;1000;ro;21186.684283;900.067904;1904
1649984719;1649985619;32;8;16;1000;ro;21179.692800;900.072730;0
1649985679;1649986580;32;8;16;1000;ro;21145.820171;900.413668;0
1649986640;1649988440;32;8;16;1000;rw;3497.907196;1800.071162;45164585248
1649988500;1649990300;32;8;16;1000;rw;4066.070226;1800.076980;48213946600
1649990360;1649992160;32;8;16;1000;rw;4039.963563;1800.225707;49993691144
1649992352;1649993252;1;8;16;50;ro;122986.319829;900.058688;7088
1649993312;1649994212;1;8;16;50;ro;122966.244790;900.035844;232
1649994273;1649995174;1;8;16;50;ro;121954.221658;901.749442;0
1649995234;1649997034;1;8;16;50;rw;19984.242616;1800.050745;14568585856
1649997094;1649998895;1;8;16;50;rw;20168.490684;1800.055841;13761956032
1649998955;1650000755;1;8;16;50;rw;20164.708196;1800.696054;13310168152
1650000865;1650001765;1;8;16;250;ro;106530.407525;900.041331;1128
1650001825;1650002725;1;8;16;250;ro;107224.487431;900.047525;0
1650002785;1650003687;1;8;16;250;ro;105723.217638;901.575855;0
1650003747;1650005547;1;8;16;250;rw;16456.549736;1800.084837;20833458920
1650005607;1650007407;1;8;16;250;rw;16962.676952;1800.064621;20187582400
1650007467;1650009268;1;8;16;250;rw;16812.398103;1800.616005;20355596080
1650009533;1650010433;1;8;16;1000;ro;57238.615462;900.065093;7040
1650010494;1650011394;1;8;16;1000;ro;57533.223291;900.085767;0
1650011454;1650012355;1;8;16;1000;ro;57250.290463;900.924117;0
1650012415;1650014215;1;8;16;1000;rw;7072.934025;1800.078496;24815100064
1650014275;1650016075;1;8;16;1000;rw;6740.490849;1800.096296;26469732432
1650016135;1650017935;1;8;16;1000;rw;7429.556337;1800.358877;27352206928
1650018150;1650019050;4;64;16;50;ro;122517.080268;900.045815;22280
1650019110;1650020010;4;64;16;50;ro;121817.859710;900.054617;232
1650020070;1650020972;4;64;16;50;ro;122270.580253;901.754604;0
1650021032;1650022832;4;64;16;50;rw;14320.922595;1800.061670;9156875648
1650022892;1650024692;4;64;16;50;rw;14283.888341;1800.069387;9459070328
1650024752;1650026552;4;64;16;50;rw;14386.095955;1800.537196;8758126216
1650026647;1650027547;4;64;16;250;ro;105145.483072;900.052421;53640
1650027607;1650028507;4;64;16;250;ro;105518.983732;900.056863;0
1650028567;1650029469;4;64;16;250;ro;105225.221730;901.578027;0
1650029529;1650031329;4;64;16;250;rw;12992.663205;1800.051756;16844133000
1650031389;1650033189;4;64;16;250;rw;13313.191505;1800.073416;18514735456
1650033249;1650035050;4;64;16;250;rw;13259.571841;1800.513625;18715467392
1650035260;1650036160;4;64;16;1000;ro;61309.891817;900.040109;62184
1650036220;1650037120;4;64;16;1000;ro;60452.687832;900.054050;0
1650037180;1650038081;4;64;16;1000;ro;60433.184981;900.957059;0
1650038141;1650039941;4;64;16;1000;rw;5016.911799;1800.073289;35835330568
1650040001;1650041801;4;64;16;1000;rw;5431.478339;1800.091470;34593633744
1650041861;1650043662;4;64;16;1000;rw;5858.762017;1800.297076;29599967928
1650043851;1650044751;32;1;16;50;ro;123387.988900;900.053356;984
1650044811;1650045711;32;1;16;50;ro;123993.871172;900.045709;0
1650045771;1650046673;32;1;16;50;ro;123552.787528;901.774407;0
1650046733;1650048533;32;1;16;50;rw;18626.865420;1800.056973;11256416472
1650048593;1650050393;32;1;16;50;rw;18094.018731;1800.052150;11583070032
1650050453;1650052254;32;1;16;50;rw;18050.585425;1800.639675;10816483504
1650052376;1650053276;32;1;16;250;ro;83477.045866;900.046261;776
1650053336;1650054236;32;1;16;250;ro;84061.332683;900.050634;0
1650054296;1650055197;32;1;16;250;ro;84615.742747;901.275443;0
1650055257;1650057058;32;1;16;250;rw;11404.958625;1800.065641;17507182192
1650057118;1650058918;32;1;16;250;rw;11058.940844;1800.076604;20627134976
1650058978;1650060778;32;1;16;250;rw;11308.483195;1800.469046;16908252680
1650061095;1650061995;32;1;16;1000;ro;21112.414929;900.057593;888
1650062055;1650062955;32;1;16;1000;ro;21149.288195;900.055900;0
1650063015;1650063916;32;1;16;1000;ro;21071.694169;900.422866;0
1650063976;1650065776;32;1;16;1000;rw;3892.004235;1800.071313;46083433472
1650065836;1650067636;32;1;16;1000;rw;4256.503659;1800.066640;50226532232
1650067696;1650069496;32;1;16;1000;rw;4246.373093;1800.248302;50823984408
1650069685;1650070585;4;1;16;50;ro;122193.374752;900.058191;872
1650070645;1650071545;4;1;16;50;ro;122705.438002;900.053372;256
1650071605;1650072507;4;1;16;50;ro;121960.269297;901.745732;0
1650072567;1650074367;4;1;16;50;rw;20487.900983;1800.047590;12293049864
1650074427;1650076227;4;1;16;50;rw;19915.478016;1800.063121;12265862056
1650076287;1650078088;4;1;16;50;rw;19939.463593;1800.683136;11688076856
1650078200;1650079100;4;1;16;250;ro;104754.638650;900.057261;472
1650079160;1650080060;4;1;16;250;ro;105172.591666;900.045160;0
1650080120;1650081021;4;1;16;250;ro;104900.214500;901.581556;0
1650081081;1650082881;4;1;16;250;rw;16702.415612;1800.030893;19062412664
1650082942;1650084742;4;1;16;250;rw;15514.785423;1800.055396;20363987720
1650084802;1650086602;4;1;16;250;rw;15430.748197;1800.576068;20639690128
1650086875;1650087775;4;1;16;1000;ro;60898.720762;900.049469;448
1650087835;1650088735;4;1;16;1000;ro;62483.854069;900.053823;0
1650088795;1650089696;4;1;16;1000;ro;62445.983203;900.990189;0
1650089756;1650091556;4;1;16;1000;rw;7948.020799;1800.055845;46911032592
1650091617;1650093417;4;1;16;1000;rw;9728.566723;1800.076542;40871441456
1650093477;1650095277;4;1;16;1000;rw;9809.015017;1800.413805;39770739224
1650095470;1650096370;1;4;16;50;ro;122078.645986;900.051787;152
1650096430;1650097330;1;4;16;50;ro;122210.037095;900.045208;232
1650097390;1650098292;1;4;16;50;ro;122048.096424;901.747584;0
1650098352;1650100152;1;4;16;50;rw;20188.257091;1800.080875;14675623280
1650100212;1650102012;1;4;16;50;rw;20352.729245;1800.050872;13862202232
1650102072;1650103873;1;4;16;50;rw;20458.681225;1800.715613;13470168184
1650103982;1650104882;1;4;16;250;ro;106031.130200;900.066567;1064
1650104943;1650105843;1;4;16;250;ro;106370.610948;900.051755;0
1650105903;1650106804;1;4;16;250;ro;105403.425659;901.571072;0
1650106864;1650108664;1;4;16;250;rw;16696.466438;1800.073898;20967888728
1650108724;1650110525;1;4;16;250;rw;17291.597905;1800.060286;20322669200
1650110585;1650112385;1;4;16;250;rw;17147.978448;1800.626957;20249723736
1650112653;1650113553;1;4;16;1000;ro;57256.288040;900.048932;312
1650113613;1650114514;1;4;16;1000;ro;56922.627370;900.079696;0
1650114574;1650115475;1;4;16;1000;ro;58648.442497;900.944787;0
1650115535;1650117335;1;4;16;1000;rw;7628.674963;1800.069389;25919972232
1650117395;1650119195;1;4;16;1000;rw;7498.361243;1800.089498;27826372128
1650119255;1650121055;1;4;16;1000;rw;8094.856415;1800.372889;27999789480
1650121271;1650122172;1;16;16;50;ro;121755.488026;900.046847;9200
1650122232;1650123132;1;16;16;50;ro;122018.839093;900.045039;232
1650123192;1650124093;1;16;16;50;ro;120418.995038;901.729467;0
1650124153;1650125954;1;16;16;50;rw;18728.811338;1800.051826;14151423752
1650126014;1650127814;1;16;16;50;rw;18836.309758;1800.071969;13216363848
1650127874;1650129674;1;16;16;50;rw;18906.048975;1800.677596;12888280880
1650129784;1650130685;1;16;16;250;ro;105689.040166;900.046742;768
1650130745;1650131645;1;16;16;250;ro;105798.568889;900.044267;0
1650131705;1650132606;1;16;16;250;ro;105808.009814;901.575382;0
1650132666;1650134466;1;16;16;250;rw;14923.016953;1800.053822;20048234008
1650134527;1650136327;1;16;16;250;rw;15158.771168;1800.095100;19324076424
1650136387;1650138187;1;16;16;250;rw;15135.254392;1800.576146;19631723912
1650138452;1650139352;1;16;16;1000;ro;56822.576957;900.050688;12600
1650139412;1650140312;1;16;16;1000;ro;57275.899545;900.077407;0
1650140372;1650141273;1;16;16;1000;ro;56900.700007;900.918243;0
1650141333;1650143133;1;16;16;1000;rw;6204.871845;1800.079400;22626409400
1650143193;1650144994;1;16;16;1000;rw;5627.587524;1800.077297;26771554304
1650145054;1650146854;1;16;16;1000;rw;5828.314687;1800.306334;23192474808
1650147067;1650147967;16;64;16;50;ro;124060.744157;900.035396;43440
1650148027;1650148927;16;64;16;50;ro;124260.902231;900.044428;0
1650148987;1650149888;16;64;16;50;ro;123245.737242;901.754133;0
1650149949;1650151749;16;64;16;50;rw;13979.651430;1800.065478;8815722712
1650151809;1650153609;16;64;16;50;rw;13940.177915;1800.061160;9404689640
1650153669;1650155469;16;64;16;50;rw;14106.095280;1800.520311;8742595864
1650155560;1650156460;16;64;16;250;ro;97569.594590;900.054684;33360
1650156520;1650157420;16;64;16;250;ro;97378.358136;900.050515;0
1650157480;1650158382;16;64;16;250;ro;96979.628414;901.435074;0
1650158442;1650160242;16;64;16;250;rw;11157.151007;1800.047808;16828458640
1650160302;1650162102;16;64;16;250;rw;11337.711750;1800.049193;19976696312
1650162162;1650163962;16;64;16;250;rw;11416.359868;1800.463482;16379967024
1650164156;1650165056;16;64;16;1000;ro;35150.509572;900.075193;14592
1650165117;1650166017;16;64;16;1000;ro;35124.470464;900.035457;0
1650166077;1650166977;16;64;16;1000;ro;35140.627731;900.615425;0
1650167037;1650168837;16;64;16;1000;rw;3502.325551;1800.035492;41125922056
1650168897;1650170698;16;64;16;1000;rw;4107.694725;1800.055364;42665425408
1650170758;1650172558;16;64;16;1000;rw;4095.359386;1800.230178;42382045280
1650172750;1650173650;1;32;16;50;ro;120992.711677;900.063731;27816
1650173710;1650174610;1;32;16;50;ro;121915.959877;900.055822;232
1650174670;1650175572;1;32;16;50;ro;121053.143908;901.738561;0
1650175632;1650177432;1;32;16;50;rw;13336.530871;1800.065702;11904390456
1650177492;1650179292;1;32;16;50;rw;13419.063990;1800.082186;11533800512
1650179352;1650181153;1;32;16;50;rw;13598.585698;1800.535134;10686659560
1650181263;1650182163;1;32;16;250;ro;106082.294536;900.073096;23600
1650182223;1650183123;1;32;16;250;ro;106523.257185;900.033488;0
1650183183;1650184084;1;32;16;250;ro;106261.119743;901.589207;0
1650184144;1650185945;1;32;16;250;rw;11557.147313;1800.074533;18256137272
1650186005;1650187805;1;32;16;250;rw;11690.740097;1800.074199;17611361064
1650187865;1650189665;1;32;16;250;rw;11642.709011;1800.453394;17771331712
1650189932;1650190832;1;32;16;1000;ro;57189.266110;900.053998;7944
1650190892;1650191792;1;32;16;1000;ro;57221.971892;900.089003;0
1650191852;1650192753;1;32;16;1000;ro;58538.987499;900.930604;0
1650192813;1650194614;1;32;16;1000;rw;4736.837328;1800.079984;17729955064
1650194674;1650196474;1;32;16;1000;rw;4693.786225;1800.042973;24778216344
1650196534;1650198334;1;32;16;1000;rw;4767.699022;1800.267155;21231352176
1650198552;1650199452;4;8;16;50;ro;123685.984460;900.046063;3232
1650199512;1650200413;4;8;16;50;ro;123223.706759;900.045272;232
1650200473;1650201374;4;8;16;50;ro;123234.478999;901.793283;0
1650201434;1650203235;4;8;16;50;rw;20748.537039;1800.050755;12177708608
1650203295;1650205095;4;8;16;50;rw;20796.310164;1800.080678;12426134576
1650205155;1650206955;4;8;16;50;rw;20715.376299;1800.718349;11848033016
1650207050;1650207950;4;8;16;250;ro;105852.194183;900.050817;2032
1650208010;1650208910;4;8;16;250;ro;105933.003898;900.055313;0
1650208971;1650209872;4;8;16;250;ro;106057.835255;901.592078;0
1650209932;1650211732;4;8;16;250;rw;18251.422894;1800.052606;19388791736
1650211792;1650213592;4;8;16;250;rw;18435.442976;1800.045063;22751288648
1650213652;1650215453;4;8;16;250;rw;18348.886186;1800.656711;19915542128
1650215661;1650216561;4;8;16;1000;ro;58949.255745;900.069242;4696
1650216621;1650217521;4;8;16;1000;ro;60468.180880;900.056133;0
1650217581;1650218482;4;8;16;1000;ro;62610.767040;900.987138;0
1650218542;1650220342;4;8;16;1000;rw;7667.283256;1800.057151;45506463912
1650220402;1650222202;4;8;16;1000;rw;9446.167714;1800.076931;39533601528
1650222262;1650224063;4;8;16;1000;rw;9607.438629;1800.421832;38616654880
1650224251;1650225151;32;32;16;50;ro;121472.072186;900.052580;30544
1650225211;1650226111;32;32;16;50;ro;121228.794424;900.034600;0
1650226171;1650227073;32;32;16;50;ro;121358.200003;901.736802;0
1650227133;1650228933;32;32;16;50;rw;12651.966209;1800.041722;8245755384
1650228993;1650230793;32;32;16;50;rw;12615.895071;1800.053117;8866127312
1650230853;1650232654;32;32;16;50;rw;12486.334923;1800.478173;8029565464
1650232745;1650233645;32;32;16;250;ro;83942.727318;900.048570;22120
1650233705;1650234605;32;32;16;250;ro;83691.042120;900.045411;0
1650234665;1650235566;32;32;16;250;ro;83998.153295;901.246097;0
1650235626;1650237427;32;32;16;250;rw;9186.522516;1800.118856;15920776576
1650237487;1650239287;32;32;16;250;rw;9317.646273;1800.067956;19428923152
1650239347;1650241147;32;32;16;250;rw;9320.726387;1800.411601;15865646000
1650241359;1650242259;32;32;16;1000;ro;21223.578149;900.051686;29440
1650242319;1650243219;32;32;16;1000;ro;21146.916750;900.059101;0
1650243279;1650244179;32;32;16;1000;ro;21137.774894;900.411780;0
1650244239;1650246039;32;32;16;1000;rw;2756.969911;1800.055562;44927671568
1650246099;1650247900;32;32;16;1000;rw;3229.572110;1800.081739;45519350240
1650247960;1650249760;32;32;16;1000;rw;3241.642494;1800.194606;48456150496
1650249949;1650250849;2;4;16;50;ro;122746.362686;900.061237;488
1650250909;1650251809;2;4;16;50;ro;123445.275329;900.040756;232
1650251869;1650252771;2;4;16;50;ro;122223.408249;901.756594;0
1650252831;1650254631;2;4;16;50;rw;20877.979823;1800.068333;13468511072
1650254691;1650256491;2;4;16;50;rw;21175.817505;1800.064691;13354633280
1650256551;1650258352;2;4;16;50;rw;21065.024017;1800.726786;13202629528
1650258451;1650259351;2;4;16;250;ro;105648.455579;900.058881;3736
1650259411;1650260312;2;4;16;250;ro;106197.163848;900.049909;0
1650260372;1650261273;2;4;16;250;ro;104840.487515;901.566161;0
1650261333;1650263133;2;4;16;250;rw;17789.873187;1800.033751;21077932912
1650263193;1650264993;2;4;16;250;rw;17667.851427;1800.052822;22983788704
1650265053;1650266854;2;4;16;250;rw;17852.992257;1800.675521;21802441776
1650267080;1650267980;2;4;16;1000;ro;60478.489730;900.064368;1568
1650268040;1650268940;2;4;16;1000;ro;60939.040230;900.055607;0
1650269000;1650269901;2;4;16;1000;ro;59488.332532;900.935954;0
1650269961;1650271761;2;4;16;1000;rw;8493.242460;1800.074579;40292465256
1650271821;1650273621;2;4;16;1000;rw;9214.418289;1800.084309;43821458856
1650273681;1650275482;2;4;16;1000;rw;9416.309115;1800.399216;40925833160
1650275676;1650276576;4;2;16;50;ro;122297.600095;900.047656;1096
1650276636;1650277536;4;2;16;50;ro;121876.436314;900.049004;232
1650277596;1650278498;4;2;16;50;ro;120605.760351;901.720213;0
1650278558;1650280358;4;2;16;50;rw;20130.136710;1800.063897;11976552016
1650280418;1650282218;4;2;16;50;rw;19247.693410;1800.062530;11815119368
1650282279;1650284079;4;2;16;50;rw;19330.547777;1800.665632;11290982800
1650284178;1650285078;4;2;16;250;ro;103870.486719;900.060974;872
1650285138;1650286038;4;2;16;250;ro;104342.140464;900.048743;0
1650286098;1650287000;4;2;16;250;ro;104171.737610;901.553861;0
1650287060;1650288860;4;2;16;250;rw;16613.886203;1800.062330;18788770392
1650288920;1650290720;4;2;16;250;rw;15480.305464;1800.046845;20215872064
1650290780;1650292581;4;2;16;250;rw;15344.566335;1800.568274;20776169184
1650292799;1650293699;4;2;16;1000;ro;61037.754938;900.046600;1368
1650293759;1650294659;4;2;16;1000;ro;59585.760026;900.056619;0
1650294719;1650295620;4;2;16;1000;ro;59786.561465;900.939566;0
1650295680;1650297481;4;2;16;1000;rw;7955.644861;1800.060528;46206121440
1650297541;1650299341;4;2;16;1000;rw;9952.822636;1800.072772;40772563576
1650299401;1650301201;4;2;16;1000;rw;10025.285117;1800.433941;39699039224
1650301389;1650302289;16;32;16;50;ro;122817.353478;900.043067;16808
1650302349;1650303249;16;32;16;50;ro;123528.166590;900.037581;0
1650303309;1650304211;16;32;16;50;ro;122450.775123;901.749899;0
1650304271;1650306071;16;32;16;50;rw;13210.635792;1800.027048;8496515464
1650306131;1650307931;16;32;16;50;rw;13168.309827;1800.070928;9028843184
1650307991;1650309792;16;32;16;50;rw;13036.053165;1800.494998;8248560048
1650309883;1650310783;16;32;16;250;ro;97287.725584;900.060097;29136
1650310843;1650311743;16;32;16;250;ro;96771.913421;900.050074;0
1650311803;1650312705;16;32;16;250;ro;96416.745353;901.417717;0
1650312765;1650314565;16;32;16;250;rw;10813.652279;1800.044613;16668050696
1650314625;1650316425;16;32;16;250;rw;11040.828171;1800.073882;19890086256
1650316485;1650318285;16;32;16;250;rw;11089.381831;1800.444898;16271000144
1650318483;1650319383;16;32;16;1000;ro;35265.036152;900.057608;31248
1650319443;1650320343;16;32;16;1000;ro;35276.613242;900.048936;0
1650320403;1650321304;16;32;16;1000;ro;35241.987196;900.600815;0
1650321364;1650323164;16;32;16;1000;rw;3638.685133;1800.050599;41486719672
1650323224;1650325024;16;32;16;1000;rw;4261.012298;1800.053967;43142427536
1650325084;1650326885;16;32;16;1000;rw;4258.025903;1800.234598;42996776656
1650327073;1650327973;4;16;16;50;ro;123231.350749;900.053285;9536
1650328033;1650328933;4;16;16;50;ro;123588.516049;900.040597;232
1650328993;1650329895;4;16;16;50;ro;121256.084549;901.744500;0
1650329955;1650331755;4;16;16;50;rw;19516.198313;1800.048697;11541525032
1650331815;1650333615;4;16;16;50;rw;19484.769612;1800.045420;11959055248
1650333675;1650335476;4;16;16;50;rw;19584.192557;1800.663765;11190928000
1650335570;1650336470;4;16;16;250;ro;105563.304603;900.054501;11976
1650336530;1650337430;4;16;16;250;ro;105591.033766;900.052932;0
1650337490;1650338392;4;16;16;250;ro;105709.915403;901.556512;0
1650338452;1650340252;4;16;16;250;rw;17347.735083;1800.058066;18929959640
1650340312;1650342112;4;16;16;250;rw;17419.189489;1800.068295;21405203080
1650342172;1650343973;4;16;16;250;rw;17173.864967;1800.621607;20892400344
1650344181;1650345081;4;16;16;1000;ro;61702.512214;900.078327;10640
1650345141;1650346041;4;16;16;1000;ro;60654.609254;900.073050;0
1650346101;1650347002;4;16;16;1000;ro;62416.379800;900.982439;0
1650347062;1650348862;4;16;16;1000;rw;6444.435066;1800.056873;41229160080
1650348922;1650350722;4;16;16;1000;rw;7873.091539;1800.070033;35355674240
1650350783;1650352583;4;16;16;1000;rw;8253.992867;1800.368952;35743458360
1650352772;1650353672;2;1;16;50;ro;122506.068275;900.048856;624
1650353732;1650354632;2;1;16;50;ro;121715.448192;900.050857;232
1650354692;1650355594;2;1;16;50;ro;122044.229611;901.758273;0
1650355654;1650357454;2;1;16;50;rw;20085.898078;1800.047727;13375938096
1650357514;1650359314;2;1;16;50;rw;19392.386649;1800.049657;12652033288
1650359375;1650361175;2;1;16;50;rw;19341.430730;1800.681550;12603409968
1650361279;1650362179;2;1;16;250;ro;106065.024234;900.069553;736
1650362239;1650363139;2;1;16;250;ro;106192.115561;900.062009;0
1650363199;1650364100;2;1;16;250;ro;104370.655419;901.551796;0
1650364160;1650365961;2;1;16;250;rw;15131.854440;1800.053359;20084459160
1650366021;1650367821;2;1;16;250;rw;14940.734048;1800.065072;21628254512
1650367881;1650369681;2;1;16;250;rw;14557.857732;1800.552447;20426245416
1650369918;1650370819;2;1;16;1000;ro;59325.767033;900.072595;1184
1650370879;1650371779;2;1;16;1000;ro;58615.888170;900.075091;0
1650371839;1650372740;2;1;16;1000;ro;60843.052606;900.952001;0
1650372800;1650374600;2;1;16;1000;rw;7828.591667;1800.076467;39613185224
1650374660;1650376460;2;1;16;1000;rw;8589.856432;1800.073947;42093639904
1650376520;1650378320;2;1;16;1000;rw;8739.828904;1800.368446;37891554104
1650378511;1650379411;32;16;16;50;ro;121848.025205;900.040126;10048
1650379471;1650380371;32;16;16;50;ro;121940.539316;900.045864;0
1650380431;1650381333;32;16;16;50;ro;121747.704843;901.783433;0
1650381393;1650383193;32;16;16;50;rw;17674.849246;1800.057861;10586474128
1650383253;1650385053;32;16;16;50;rw;17485.470514;1800.048462;11068517592
1650385113;1650386914;32;16;16;50;rw;17468.208459;1800.634584;10320169968
1650387005;1650387905;32;16;16;250;ro;83829.750658;900.049788;8056
1650387965;1650388865;32;16;16;250;ro;83968.228641;900.054355;0
1650388925;1650389827;32;16;16;250;ro;83971.087242;901.254807;0
1650389887;1650391687;32;16;16;250;rw;11104.889149;1800.088505;16820960136
1650391747;1650393547;32;16;16;250;rw;11110.488232;1800.032347;20360696040
1650393607;1650395407;32;16;16;250;rw;11231.704656;1800.461471;16548152952
1650395618;1650396518;32;16;16;1000;ro;21178.086686;900.060923;15568
1650396578;1650397478;32;16;16;1000;ro;21134.267588;900.066962;0
1650397538;1650398439;32;16;16;1000;ro;21137.773507;900.411374;0
1650398499;1650400299;32;16;16;1000;rw;3123.511773;1800.082921;45063993432
1650400359;1650402159;32;16;16;1000;rw;3636.484528;1800.056818;46634636040
1650402219;1650404019;32;16;16;1000;rw;3620.902732;1800.207832;49869887416
1650404211;1650405111;1;1;16;50;ro;122768.540606;900.073527;176
1650405171;1650406072;1;1;16;50;ro;122922.108685;900.048857;232
1650406132;1650407033;1;1;16;50;ro;122331.814839;901.765496;0
1650407093;1650408893;1;1;16;50;rw;19641.384147;1800.065266;14610629448
1650408953;1650410754;1;1;16;50;rw;18188.515901;1800.055782;13611474344
1650410814;1650412614;1;1;16;50;rw;18443.683072;1800.653637;13072619592
1650412728;1650413628;1;1;16;250;ro;106376.318590;900.044236;536
1650413688;1650414588;1;1;16;250;ro;105716.240610;900.049434;0
1650414648;1650415550;1;1;16;250;ro;105887.882387;901.581677;0
1650415610;1650417410;1;1;16;250;rw;13966.981974;1800.064860;19893193112
1650417470;1650419270;1;1;16;250;rw;13445.170413;1800.078487;18819438152
1650419330;1650421131;1;1;16;250;rw;13561.523836;1800.534881;18577776640
1650421402;1650422302;1;1;16;1000;ro;57614.203376;900.054883;528
1650422362;1650423262;1;1;16;1000;ro;58787.156047;900.061711;0
1650423322;1650424223;1;1;16;1000;ro;58838.868191;900.933270;0
1650424283;1650426084;1;1;16;1000;rw;7576.642502;1800.094432;26204900064
1650426144;1650427944;1;1;16;1000;rw;7336.985911;1800.067196;27962180360
1650428004;1650429804;1;1;16;1000;rw;7869.716004;1800.375474;28607941480
1650430017;1650430917;8;32;16;50;ro;126650.871612;900.048011;23416
1650430977;1650431877;8;32;16;50;ro;126456.564566;900.025648;0
1650431937;1650432839;8;32;16;50;ro;125429.146751;901.797566;0
1650432899;1650434699;8;32;16;50;rw;13513.514820;1800.067900;8525374064
1650434759;1650436559;8;32;16;50;rw;13529.172367;1800.030397;9055598144
1650436619;1650438420;8;32;16;50;rw;13444.395565;1800.520266;8342446496
1650438512;1650439413;8;32;16;250;ro;103703.881326;900.047597;10472
1650439473;1650440373;8;32;16;250;ro;104642.973018;900.069627;0
1650440433;1650441334;8;32;16;250;ro;103970.193572;901.548875;0
1650441394;1650443194;8;32;16;250;rw;11866.972587;1800.064923;17117737400
1650443254;1650445054;8;32;16;250;rw;12198.321806;1800.064636;19252343136
1650445115;1650446915;8;32;16;250;rw;12280.410135;1800.492958;16494349680
1650447117;1650448017;8;32;16;1000;ro;49768.133340;900.050225;15608
1650448077;1650448977;8;32;16;1000;ro;51571.236302;900.050818;0
1650449037;1650449938;8;32;16;1000;ro;50271.714513;900.806047;0
1650449998;1650451798;8;32;16;1000;rw;4647.595257;1800.057043;38520509848
1650451858;1650453658;8;32;16;1000;rw;5447.878281;1800.056381;38920924408
1650453718;1650455518;8;32;16;1000;rw;5464.790688;1800.265619;38612290368
1650455710;1650456610;1;2;16;50;ro;123862.851394;900.039262;240
1650456670;1650457571;1;2;16;50;ro;123840.429955;900.036045;232
1650457631;1650458532;1;2;16;50;ro;123912.379774;901.787332;0
1650458592;1650460392;1;2;16;50;rw;19481.812623;1800.031189;14435169000
1650460453;1650462253;1;2;16;50;rw;17887.743812;1800.078639;13017024152
1650462313;1650464113;1;2;16;50;rw;18135.506365;1800.626336;12621986272
1650464227;1650465127;1;2;16;250;ro;108404.673438;900.056277;1512
1650465187;1650466088;1;2;16;250;ro;107511.368998;900.037877;0
1650466148;1650467049;1;2;16;250;ro;107068.617842;901.607778;0
1650467109;1650468909;1;2;16;250;rw;14119.148618;1800.070800;19747643576
1650468969;1650470770;1;2;16;250;rw;13624.461005;1800.078157;18748150192
1650470830;1650472630;1;2;16;250;rw;13894.089206;1800.535695;18516846344
1650472903;1650473803;1;2;16;1000;ro;58555.430817;900.069849;1832
1650473864;1650474764;1;2;16;1000;ro;60530.785037;900.091281;0
1650474824;1650475725;1;2;16;1000;ro;59070.024087;900.937985;0
1650475785;1650477585;1;2;16;1000;rw;7638.501463;1800.088766;26540551832
1650477645;1650479445;1;2;16;1000;rw;7470.239862;1800.080800;27757204328
1650479505;1650481306;1;2;16;1000;rw;8167.626601;1800.386739;28156903672
1650481522;1650482422;2;16;16;50;ro;120505.770660;900.051433;9128
1650482482;1650483382;2;16;16;50;ro;120426.978037;900.050784;232
1650483442;1650484344;2;16;16;50;ro;120342.654495;901.734284;0
1650484404;1650486204;2;16;16;50;rw;19403.536114;1800.048124;12776314248
1650486264;1650488064;2;16;16;50;rw;19466.886461;1800.038575;12572627160
1650488124;1650489925;2;16;16;50;rw;19329.311742;1800.670950;12392964544
1650490024;1650490924;2;16;16;250;ro;104726.681029;900.046376;8080
1650490984;1650491884;2;16;16;250;ro;104738.129789;900.059323;0
1650491945;1650492846;2;16;16;250;ro;104501.165551;901.557891;0
1650492906;1650494706;2;16;16;250;rw;16197.126144;1800.060995;19943260544
1650494766;1650496566;2;16;16;250;rw;15997.929118;1800.069468;21997510320
1650496626;1650498427;2;16;16;250;rw;16396.468428;1800.625265;20521725944
1650498653;1650499553;2;16;16;1000;ro;58265.662077;900.049936;4752
1650499613;1650500513;2;16;16;1000;ro;60009.355838;900.056597;0
1650500573;1650501474;2;16;16;1000;ro;61793.570368;900.974846;0
1650501534;1650503334;2;16;16;1000;rw;6523.045147;1800.058142;34951831928
1650503394;1650505194;2;16;16;1000;rw;6904.318145;1800.077320;37006364528
1650505254;1650507055;2;16;16;1000;rw;7155.984666;1800.342624;36667414344
1650507248;1650508148;4;32;16;50;ro;122959.190594;900.034598;1480
1650508208;1650509108;4;32;16;50;ro;122681.909036;900.040775;232
1650509169;1650510070;4;32;16;50;ro;122464.318809;901.754792;0
1650510130;1650511930;4;32;16;50;rw;13570.277132;1800.028570;8850323952
1650511990;1650513790;4;32;16;50;rw;13484.036445;1800.061239;9038982472
1650513851;1650515651;4;32;16;50;rw;13581.265355;1800.506090;8389027360
1650515746;1650516646;4;32;16;250;ro;105694.742636;900.041440;21896
1650516707;1650517607;4;32;16;250;ro;105256.922209;900.049485;0
1650517667;1650518568;4;32;16;250;ro;105288.478142;901.563424;0
1650518628;1650520428;4;32;16;250;rw;12628.258718;1800.065076;16680858664
1650520488;1650522288;4;32;16;250;rw;13076.974788;1800.049300;18570967584
1650522349;1650524149;4;32;16;250;rw;12918.174229;1800.506482;18288014424
1650524361;1650525261;4;32;16;1000;ro;61353.462329;900.076026;21824
1650525321;1650526221;4;32;16;1000;ro;61506.578307;900.084691;0
1650526281;1650527182;4;32;16;1000;ro;60011.288760;900.955973;0
1650527242;1650529042;4;32;16;1000;rw;5341.495349;1800.057870;37711108952
1650529103;1650530903;4;32;16;1000;rw;6005.312225;1800.082307;34053131192
1650530963;1650532763;4;32;16;1000;rw;6314.495817;1800.302024;30875640776
1650532952;1650533852;2;64;16;50;ro;122663.972526;900.056470;13392
1650533912;1650534812;2;64;16;50;ro;122985.479111;900.039621;232
1650534872;1650535774;2;64;16;50;ro;122177.379035;901.749957;0
1650535834;1650537634;2;64;16;50;rw;14170.584230;1800.046673;10578549400
1650537694;1650539495;2;64;16;50;rw;14147.217058;1800.063312;10278952536
1650539555;1650541355;2;64;16;50;rw;14271.741175;1800.526204;10004189520
1650541454;1650542355;2;64;16;250;ro;106062.189565;900.060984;9960
1650542415;1650543315;2;64;16;250;ro;106650.691045;900.049886;0
1650543375;1650544276;2;64;16;250;ro;105772.013841;901.588108;0
1650544336;1650546136;2;64;16;250;rw;12629.276322;1800.031906;18249643320
1650546196;1650547997;2;64;16;250;rw;12607.785274;1800.121916;19377035896
1650548057;1650549857;2;64;16;250;rw;12604.059939;1800.494629;19386649336
1650550084;1650550984;2;64;16;1000;ro;58245.282545;900.056058;9664
1650551045;1650551945;2;64;16;1000;ro;59370.819388;900.053743;0
1650552005;1650552906;2;64;16;1000;ro;60699.415181;900.945221;0
1650552966;1650554766;2;64;16;1000;rw;5273.127085;1800.043666;29793749288
1650554826;1650556626;2;64;16;1000;rw;5236.256501;1800.079782;34741808584
1650556686;1650558486;2;64;16;1000;rw;5468.413768;1800.283759;32561335016
1650558678;1650559578;2;8;16;50;ro;121777.845460;900.039540;3296
1650559638;1650560538;2;8;16;50;ro;120885.831828;900.042772;232
1650560598;1650561500;2;8;16;50;ro;121946.240374;901.757878;0
1650561560;1650563360;2;8;16;50;rw;20500.869664;1800.046927;13268001264
1650563420;1650565220;2;8;16;50;rw;20568.800334;1800.069579;13057739352
1650565280;1650567081;2;8;16;50;rw;20485.502203;1800.701382;12917846872
1650567181;1650568081;2;8;16;250;ro;106119.490123;900.049958;6168
1650568141;1650569041;2;8;16;250;ro;105711.574352;900.042766;0
1650569101;1650570003;2;8;16;250;ro;105873.459964;901.568647;0
1650570063;1650571863;2;8;16;250;rw;17215.748628;1800.048101;20748243400
1650571923;1650573723;2;8;16;250;rw;17328.034417;1800.228998;22860302344
1650573783;1650575584;2;8;16;250;rw;17432.965453;1800.636284;21174747552
1650575809;1650576709;2;8;16;1000;ro;59147.151416;900.062582;5976
1650576769;1650577669;2;8;16;1000;ro;58088.984356;900.078961;0
1650577729;1650578630;2;8;16;1000;ro;58210.314808;900.928206;0
1650578690;1650580490;2;8;16;1000;rw;7704.581178;1800.038013;38634920488
1650580550;1650582351;2;8;16;1000;rw;8204.582555;1800.050760;41946797624
1650582411;1650584211;2;8;16;1000;rw;8422.770894;1800.366838;37862180368
1650584401;1650585301;8;1;16;50;ro;127748.207921;900.058870;336
1650585361;1650586261;8;1;16;50;ro;127167.664207;900.022942;0
1650586321;1650587223;8;1;16;50;ro;125699.098450;901.802514;0
1650587283;1650589083;8;1;16;50;rw;20469.788714;1800.048690;12109982328
1650589143;1650590944;8;1;16;50;rw;19981.011515;1800.054474;12296541280
1650591004;1650592804;8;1;16;50;rw;19944.937666;1800.690759;11618306824
1650592921;1650593821;8;1;16;250;ro;106001.885060;900.043440;680
1650593881;1650594781;8;1;16;250;ro;105090.335154;900.063396;0
1650594841;1650595743;8;1;16;250;ro;105898.954805;901.581099;0
1650595803;1650597603;8;1;16;250;rw;16082.512356;1800.078074;19714578912
1650597663;1650599463;8;1;16;250;rw;15761.385852;1800.080068;20807806288
1650599523;1650601324;8;1;16;250;rw;15877.698320;1800.579659;18733857320
1650601622;1650602522;8;1;16;1000;ro;51106.682425;900.051807;336
1650602582;1650603482;8;1;16;1000;ro;49941.767461;900.063874;0
1650603542;1650604443;8;1;16;1000;ro;50346.492877;900.818676;0
1650604503;1650606303;8;1;16;1000;rw;6800.118404;1800.073143;43755473008
1650606363;1650608163;8;1;16;1000;rw;7893.319251;1800.054820;45126057528
1650608223;1650610024;8;1;16;1000;rw;7861.020608;1800.338516;44695793368
1650610211;1650611111;32;64;16;50;ro;123075.386640;900.046654;57440
1650611171;1650612071;32;64;16;50;ro;122949.572673;900.030275;0
1650612131;1650613033;32;64;16;50;ro;122867.472159;901.748647;0
1650613093;1650614893;32;64;16;50;rw;14155.159157;1800.067425;9049440120
1650614953;1650616753;32;64;16;50;rw;13643.849680;1800.043622;9176032960
1650616814;1650618614;32;64;16;50;rw;14244.952035;1800.528285;8822341176
1650618704;1650619605;32;64;16;250;ro;84312.293301;900.055280;46056
1650619665;1650620565;32;64;16;250;ro;84436.998231;900.057840;0
1650620625;1650621526;32;64;16;250;ro;84527.204314;901.252036;0
1650621586;1650623386;32;64;16;250;rw;9606.389127;1800.045632;16152278776
1650623446;1650625246;32;64;16;250;rw;9599.955988;1800.088689;19493357192
1650625306;1650627107;32;64;16;250;rw;9630.367216;1800.407737;16005039656
1650627315;1650628215;32;64;16;1000;ro;21230.071216;900.055213;9912
1650628275;1650629175;32;64;16;1000;ro;21167.847968;900.071347;0
1650629235;1650630136;32;64;16;1000;ro;21125.315406;900.413907;0
1650630196;1650631996;32;64;16;1000;rw;2792.073368;1800.053440;44897646176
1650632056;1650633856;32;64;16;1000;rw;3227.100479;1800.080468;45379579656
1650633916;1650635716;32;64;16;1000;rw;3247.521735;1800.194173;48578159360
1650635905;1650636805;4;4;16;50;ro;124065.875379;900.044462;3264
1650636865;1650637765;4;4;16;50;ro;123677.149620;900.030057;232
1650637825;1650638727;4;4;16;50;ro;123864.328320;901.772946;0
1650638787;1650640587;4;4;16;50;rw;21040.057641;1800.063305;12310708048
1650640647;1650642447;4;4;16;50;rw;21331.040138;1800.064988;12752525296
1650642507;1650644308;4;4;16;50;rw;21265.641194;1800.736061;12134850896
1650644403;1650645303;4;4;16;250;ro;106577.210293;900.057226;3552
1650645363;1650646263;4;4;16;250;ro;107074.141703;900.053435;0
1650646323;1650647225;4;4;16;250;ro;105710.273980;901.575625;0
1650647285;1650649085;4;4;16;250;rw;18605.780947;1800.061720;19612356976
1650649145;1650650945;4;4;16;250;rw;18516.703691;1800.048699;22900652072
1650651005;1650652806;4;4;16;250;rw;18676.324023;1800.656436;20121104992
1650653013;1650653913;4;4;16;1000;ro;63341.997094;900.065395;3360
1650653973;1650654873;4;4;16;1000;ro;60663.993379;900.048372;0
1650654933;1650655834;4;4;16;1000;ro;60301.997924;900.945967;0
1650655894;1650657695;4;4;16;1000;rw;8392.158338;1800.082929;46740186416
1650657755;1650659555;4;4;16;1000;rw;10602.851889;1800.054860;41613133848
1650659615;1650661415;4;4;16;1000;rw;10720.128650;1800.421646;40784112576
1650661603;1650662503;16;2;16;50;ro;120078.919965;900.047031;1360
1650662563;1650663463;16;2;16;50;ro;120027.110344;900.040203;0
1650663523;1650664425;16;2;16;50;ro;119637.124557;901.719206;0
1650664485;1650666285;16;2;16;50;rw;18882.602563;1800.044811;11254115992
1650666345;1650668145;16;2;16;50;rw;18400.579333;1800.071243;11580712016
1650668205;1650670006;16;2;16;50;rw;18299.160902;1800.639807;10809573456
1650670116;1650671017;16;2;16;250;ro;94296.572670;900.059288;1896
1650671077;1650671977;16;2;16;250;ro;94844.324998;900.054000;0
1650672037;1650672938;16;2;16;250;ro;94510.637658;901.410894;0
1650672998;1650674798;16;2;16;250;rw;14170.210271;1800.058012;18468905264
1650674858;1650676658;16;2;16;250;rw;13286.249054;1800.055584;21063998680
1650676718;1650678519;16;2;16;250;rw;13816.740030;1800.522022;17336766496
1650678791;1650679692;16;2;16;1000;ro;34967.766285;900.055753;1144
1650679752;1650680652;16;2;16;1000;ro;34917.930297;900.048835;0
1650680712;1650681612;16;2;16;1000;ro;34933.189994;900.606067;0
1650681672;1650683472;16;2;16;1000;rw;5146.087535;1800.081974;44171067480
1650683533;1650685333;16;2;16;1000;rw;5909.471005;1800.076812;46547247632
1650685393;1650687193;16;2;16;1000;rw;5795.304843;1800.286153;49352032976
1650687382;1650688282;2;32;16;50;ro;121062.436885;900.058575;872
1650688343;1650689243;2;32;16;50;ro;121260.844353;900.045032;232
1650689303;1650690204;2;32;16;50;ro;120830.995429;901.741050;0
1650690264;1650692064;2;32;16;50;rw;13315.337489;1800.061289;10219316368
1650692125;1650693925;2;32;16;50;rw;13430.922408;1800.062083;10049517528
1650693985;1650695785;2;32;16;50;rw;13460.957343;1800.508341;9671718072
1650695884;1650696784;2;32;16;250;ro;104529.877949;900.049564;24640
1650696844;1650697744;2;32;16;250;ro;105158.878588;900.055638;0
1650697804;1650698706;2;32;16;250;ro;104906.909184;901.595647;0
1650698766;1650700566;2;32;16;250;rw;12346.909798;1800.048613;18000742480
1650700626;1650702426;2;32;16;250;rw;12342.239202;1800.159341;19855077888
1650702486;1650704287;2;32;16;250;rw;12462.986180;1800.490908;18761058832
1650704514;1650705414;2;32;16;1000;ro;59486.823567;900.082134;17128
1650705474;1650706375;2;32;16;1000;ro;58461.766813;900.055689;0
1650706435;1650707336;2;32;16;1000;ro;58127.782199;900.928652;0
1650707396;1650709196;2;32;16;1000;rw;5361.716677;1800.075754;30427801256
1650709256;1650711056;2;32;16;1000;rw;5375.900475;1800.083680;34045689568
1650711116;1650712916;2;32;16;1000;rw;5646.743816;1800.292033;32199606576
1650713107;1650714007;8;2;16;50;ro;128048.277005;900.040240;544
1650714067;1650714967;8;2;16;50;ro;128116.316811;900.042775;0
1650715027;1650715929;8;2;16;50;ro;127094.220910;901.806749;0
1650715989;1650717789;8;2;16;50;rw;20171.676017;1800.069747;11764109512
1650717849;1650719649;8;2;16;50;rw;19303.884317;1800.063866;11894819480
1650719709;1650721510;8;2;16;50;rw;19378.474582;1800.672894;11216983128
1650721618;1650722518;8;2;16;250;ro;105983.135696;900.050485;760
1650722578;1650723478;8;2;16;250;ro;106491.134485;900.047564;0
1650723538;1650724439;8;2;16;250;ro;103955.515123;901.542140;0
1650724500;1650726300;8;2;16;250;rw;15882.248970;1800.069742;19386382928
1650726360;1650728160;8;2;16;250;rw;15605.679945;1800.069804;20639280936
1650728220;1650730020;8;2;16;250;rw;15760.060103;1800.568647;18364744680
1650730282;1650731183;8;2;16;1000;ro;50830.596195;900.061442;1960
1650731243;1650732143;8;2;16;1000;ro;50450.529096;900.050530;0
1650732203;1650733104;8;2;16;1000;ro;49418.387600;900.795705;0
1650733164;1650734964;8;2;16;1000;rw;7129.498697;1800.070862;43740762576
1650735024;1650736824;8;2;16;1000;rw;8092.894445;1800.050036;44961421232
1650736884;1650738684;8;2;16;1000;rw;8068.383051;1800.351939;44471173520
1650738874;1650739774;2;2;16;50;ro;123715.730858;900.041268;1976
1650739834;1650740734;2;2;16;50;ro;124021.151777;900.048125;256
1650740794;1650741696;2;2;16;50;ro;123567.699165;901.776751;0
1650741756;1650743556;2;2;16;50;rw;20189.891015;1800.049979;13250114560
1650743616;1650745416;2;2;16;50;rw;18953.490872;1800.070349;12332660200
1650745476;1650747277;2;2;16;50;rw;18915.648154;1800.658162;12265194160
1650747379;1650748280;2;2;16;250;ro;107045.286084;900.048278;720
1650748340;1650749240;2;2;16;250;ro;107734.640177;900.055929;0
1650749300;1650750201;2;2;16;250;ro;106922.994788;901.596786;0
1650750261;1650752061;2;2;16;250;rw;15295.027758;1800.049133;19772353208
1650752121;1650753922;2;2;16;250;rw;14580.369143;1800.070066;20926418768
1650753982;1650755782;2;2;16;250;rw;14519.465520;1800.546936;20476064608
1650756015;1650756915;2;2;16;1000;ro;60063.916359;900.051909;608
1650756975;1650757876;2;2;16;1000;ro;60445.789565;900.054982;0
1650757936;1650758837;2;2;16;1000;ro;62104.316383;900.976040;0
1650758897;1650760697;2;2;16;1000;rw;7978.814096;1800.077629;39488716576
1650760757;1650762557;2;2;16;1000;rw;8728.283473;1800.053567;43071019592
1650762617;1650764417;2;2;16;1000;rw;8966.621202;1800.407137;38944277632
1650764610;1650765510;16;1;16;50;ro;123297.026420;900.052495;616
1650765570;1650766470;16;1;16;50;ro;124516.744335;900.047925;0
1650766530;1650767432;16;1;16;50;ro;124858.204860;901.797083;0
1650767492;1650769292;16;1;16;50;rw;19819.267185;1800.061733;11823419408
1650769352;1650771152;16;1;16;50;rw;19334.737814;1800.071182;12165689632
1650771212;1650773013;16;1;16;50;rw;19207.871559;1800.677106;11363203704
1650773133;1650774033;16;1;16;250;ro;97474.781267;900.046446;720
1650774093;1650774994;16;1;16;250;ro;97148.847245;900.054681;0
1650775054;1650775955;16;1;16;250;ro;96525.933377;901.448109;0
1650776015;1650777815;16;1;16;250;rw;14324.279670;1800.056414;18786497416
1650777875;1650779675;16;1;16;250;rw;13392.042254;1800.069053;21300877104
1650779735;1650781536;16;1;16;250;rw;14098.143446;1800.524187;17713829512
1650781842;1650782742;16;1;16;1000;ro;35144.460196;900.068470;736
1650782802;1650783702;16;1;16;1000;ro;35149.046729;900.052171;0
1650783762;1650784663;16;1;16;1000;ro;35074.017101;900.613265;0
1650784723;1650786523;16;1;16;1000;rw;5035.646966;1800.077984;44529663384
1650786583;1650788383;16;1;16;1000;rw;5832.370170;1800.055369;47050201512
1650788443;1650790244;16;1;16;1000;rw;5728.689075;1800.288655;49652224784
1650790432;1650791332;16;4;16;50;ro;123325.855558;900.046152;2096
1650791392;1650792292;16;4;16;50;ro;122865.474311;900.042797;0
1650792352;1650793254;16;4;16;50;ro;123365.878175;901.765063;0
1650793314;1650795114;16;4;16;50;rw;19985.353718;1800.071835;11772640728
1650795174;1650796974;16;4;16;50;rw;20109.341853;1800.073550;12266423920
1650797034;1650798835;16;4;16;50;rw;20077.202079;1800.701826;11600778224
1650798927;1650799827;16;4;16;250;ro;96297.327828;900.051197;3992
1650799887;1650800787;16;4;16;250;ro;96696.805446;900.063091;0
1650800847;1650801749;16;4;16;250;ro;96704.362672;901.449686;0
1650801809;1650803609;16;4;16;250;rw;15194.235887;1800.061725;18847602528
1650803669;1650805469;16;4;16;250;rw;15204.503342;1800.059115;21975242360
1650805529;1650807330;16;4;16;250;rw;15364.249100;1800.566744;17953692416
1650807529;1650808429;16;4;16;1000;ro;35132.099112;900.069542;3856
1650808489;1650809389;16;4;16;1000;ro;35113.617364;900.067513;0
1650809449;1650810350;16;4;16;1000;ro;34995.421451;900.609933;0
1650810410;1650812210;16;4;16;1000;rw;5210.566914;1800.079143;43906086488
1650812270;1650814070;16;4;16;1000;rw;5986.245247;1800.068070;46326607320
1650814130;1650815930;16;4;16;1000;rw;5885.816103;1800.287199;49289898784
1650816118;1650817018;16;8;16;50;ro;122171.876316;900.054253;8072
1650817078;1650817979;16;8;16;50;ro;122078.109589;900.044494;0
1650818039;1650818940;16;8;16;50;ro;122016.298623;901.734060;0
1650819000;1650820800;16;8;16;50;rw;19815.191307;1800.046074;11657627320
1650820860;1650822661;16;8;16;50;rw;19817.838086;1800.066299;12089425680
1650822721;1650824521;16;8;16;50;rw;19719.653558;1800.685900;11400419600
1650824613;1650825513;16;8;16;250;ro;96370.749101;900.038065;3888
1650825573;1650826473;16;8;16;250;ro;96020.379241;900.045731;0
1650826533;1650827434;16;8;16;250;ro;95932.946981;901.437436;0
1650827494;1650829295;16;8;16;250;rw;14930.508800;1800.066997;18754554872
1650829355;1650831155;16;8;16;250;rw;14948.051935;1800.068070;21701826272
1650831215;1650833015;16;8;16;250;rw;15117.798357;1800.563218;17803076632
1650833211;1650834111;16;8;16;1000;ro;35255.335313;900.066834;6624
1650834171;1650835072;16;8;16;1000;ro;35142.593528;900.051784;0
1650835132;1650836032;16;8;16;1000;ro;35071.185702;900.613348;0
1650836092;1650837892;16;8;16;1000;rw;4827.090034;1800.078864;43365498576
1650837952;1650839753;16;8;16;1000;rw;5615.334442;1800.072828;45830062240
1650839813;1650841613;16;8;16;1000;rw;5564.846544;1800.285971;48081941560
1650841801;1650842701;8;4;16;50;ro;126470.162008;900.023669;992
1650842761;1650843661;8;4;16;50;ro;126753.657283;900.034823;0
1650843721;1650844623;8;4;16;50;ro;126760.370220;901.802218;0
1650844683;1650846483;8;4;16;50;rw;20652.982022;1800.049381;11929081696
1650846543;1650848343;8;4;16;50;rw;20982.029717;1800.067658;12633812248
1650848403;1650850204;8;4;16;50;rw;20868.413437;1800.719346;11853584856
1650850296;1650851196;8;4;16;250;ro;104391.206178;900.059110;4304
1650851256;1650852156;8;4;16;250;ro;104887.054693;900.062603;0
1650852216;1650853117;8;4;16;250;ro;105125.615956;901.570623;0
1650853178;1650854978;8;4;16;250;rw;17527.758879;1800.048529;20098616232
1650855038;1650856838;8;4;16;250;rw;17792.925534;1800.071930;21820861672
1650856898;1650858698;8;4;16;250;rw;17833.916743;1800.639332;19042238176
1650858896;1650859796;8;4;16;1000;ro;49351.017194;900.069294;3256
1650859856;1650860756;8;4;16;1000;ro;52674.769530;900.055410;0
1650860816;1650861717;8;4;16;1000;ro;49076.664500;900.800113;0
1650861777;1650863577;8;4;16;1000;rw;7115.724288;1800.054895;43354857992
1650863637;1650865437;8;4;16;1000;rw;8350.078036;1800.053581;45053597528
1650865497;1650867298;8;4;16;1000;rw;8304.009649;1800.379506;44707391544
1650867486;1650868386;8;16;16;50;ro;128446.120710;900.053706;7000
1650868446;1650869346;8;16;16;50;ro;128560.197808;900.046482;0
1650869406;1650870308;8;16;16;50;ro;128294.646126;901.827996;0
1650870368;1650872168;8;16;16;50;rw;19483.106806;1800.049399;11337027520
1650872228;1650874028;8;16;16;50;rw;19442.394635;1800.066795;11842452256
1650874088;1650875889;8;16;16;50;rw;19438.658666;1800.678802;11136949184
1650875982;1650876882;8;16;16;250;ro;104671.180860;900.042424;2464
1650876942;1650877842;8;16;16;250;ro;105417.291141;900.047583;0
1650877902;1650878804;8;16;16;250;ro;105431.295914;901.568247;0
1650878864;1650880664;8;16;16;250;rw;15929.682565;1800.066404;19236982688
1650880724;1650882524;8;16;16;250;rw;16342.549946;1800.080217;20967486264
1650882584;1650884385;8;16;16;250;rw;16499.203658;1800.611621;18424611440
1650884585;1650885485;8;16;16;1000;ro;51087.030130;900.049805;1968
1650885545;1650886445;8;16;16;1000;ro;52014.110630;900.054922;0
1650886505;1650887406;8;16;16;1000;ro;50532.345485;900.818886;0
1650887466;1650889266;8;16;16;1000;rw;5639.592372;1800.080499;40877956392
1650889326;1650891127;8;16;16;1000;rw;6627.809725;1800.070623;41875282952
1650891187;1650892987;8;16;16;1000;rw;6615.201253;1800.290868;41460044496
1650893179;1650894079;1;64;16;50;ro;121245.480029;900.063729;51728
1650894139;1650895039;1;64;16;50;ro;122015.796133;900.043087;232
1650895099;1650896001;1;64;16;50;ro;121823.582922;901.765087;0
1650896061;1650897861;1;64;16;50;rw;14126.680216;1800.062535;12311565536
1650897921;1650899721;1;64;16;50;rw;14210.496052;1800.070579;11354748136
1650899781;1650901582;1;64;16;50;rw;14328.976777;1800.543337;11025525224
1650901691;1650902591;1;64;16;250;ro;105408.914529;900.049238;14520
1650902651;1650903551;1;64;16;250;ro;105892.683574;900.069984;0
1650903612;1650904513;1;64;16;250;ro;105704.084668;901.578395;0
1650904573;1650906373;1;64;16;250;rw;11780.573008;1800.038268;18377107416
1650906433;1650908233;1;64;16;250;rw;12121.699533;1800.075424;17959924120
1650908293;1650910094;1;64;16;250;rw;12067.361337;1800.501372;18037724496
1650910362;1650911262;1;64;16;1000;ro;56749.484791;900.051164;14064
1650911322;1650912222;1;64;16;1000;ro;57051.849029;900.073943;0
1650912282;1650913183;1;64;16;1000;ro;56608.379666;900.910974;0
1650913243;1650915043;1;64;16;1000;rw;4728.863263;1800.096522;17704185672
1650915104;1650916904;1;64;16;1000;rw;4536.992878;1800.082308;24299937304
1650916964;1650918764;1;64;16;1000;rw;4740.829387;1800.264037;21238739696
1650918980;1650919880;8;64;16;50;ro;126892.232757;900.045224;48272
1650919940;1650920840;8;64;16;50;ro;126548.150581;900.038395;0
1650920900;1650921802;8;64;16;50;ro;125919.598238;901.794727;0
1650921862;1650923662;8;64;16;50;rw;14108.224117;1800.063960;8781249696
1650923722;1650925522;8;64;16;50;rw;14229.140553;1800.071911;9396601304
1650925582;1650927383;8;64;16;50;rw;14228.517430;1800.538080;8702135520
1650927476;1650928376;8;64;16;250;ro;104006.828450;900.045146;55632
1650928436;1650929336;8;64;16;250;ro;104859.771235;900.050245;0
1650929396;1650930297;8;64;16;250;ro;104688.464443;901.538251;0
1650930357;1650932157;8;64;16;250;rw;12689.262493;1800.046784;17595169248
1650932217;1650934018;8;64;16;250;rw;12634.796550;1800.067825;19414263768
1650934078;1650935878;8;64;16;250;rw;12885.989012;1800.496136;16796135752
1650936077;1650936977;8;64;16;1000;ro;49838.211185;900.066867;14184
1650937037;1650937938;8;64;16;1000;ro;49187.579696;900.061919;0
1650937998;1650938898;8;64;16;1000;ro;49816.124611;900.807984;0
1650938958;1650940759;8;64;16;1000;rw;4402.827128;1800.053077;37793177000
1650940819;1650942619;8;64;16;1000;rw;5167.672989;1800.074189;38110295760
1650942679;1650944479;8;64;16;1000;rw;5187.414326;1800.266307;37771562040
1650944667;1650945567;32;4;16;50;ro;124944.592657;900.057340;3992
1650945627;1650946527;32;4;16;50;ro;125014.582813;900.043891;0
1650946587;1650947489;32;4;16;50;ro;123966.358308;901.774568;0
1650947549;1650949349;32;4;16;50;rw;18798.438918;1800.043796;11159002184
1650949409;1650951209;32;4;16;50;rw;18761.329379;1800.049326;11720335184
1650951269;1650953070;32;4;16;50;rw;18659.425406;1800.648635;10959926856
1650953161;1650954061;32;4;16;250;ro;85660.366277;900.051436;864
1650954121;1650955021;32;4;16;250;ro;85594.752839;900.042865;0
1650955081;1650955982;32;4;16;250;ro;85411.301079;901.261115;0
1650956042;1650957842;32;4;16;250;rw;12033.027865;1800.070864;17468795848
1650957902;1650959703;32;4;16;250;rw;11903.506914;1800.037864;20796638480
1650959763;1650961563;32;4;16;250;rw;12110.224833;1800.472106;17014715320
1650961774;1650962675;32;4;16;1000;ro;21219.528739;900.061612;824
1650962735;1650963635;32;4;16;1000;ro;21145.391431;900.055976;0
1650963695;1650964595;32;4;16;1000;ro;21127.758274;900.408692;0
1650964655;1650966455;32;4;16;1000;rw;3936.217443;1800.072967;45290541840
1650966515;1650968315;32;4;16;1000;rw;4367.699135;1800.048107;49492762192
1650968375;1650970176;32;4;16;1000;rw;4338.415155;1800.232274;49697913752
1650970364;1650971264;16;16;16;50;ro;123801.628007;900.053169;13200
1650971324;1650972225;16;16;16;50;ro;123570.003558;900.040405;0
1650972285;1650973186;16;16;16;50;ro;124101.662151;901.777158;0
1650973246;1650975046;16;16;16;50;rw;18769.841313;1800.052422;11163613488
1650975106;1650976907;16;16;16;50;rw;18803.628707;1800.054118;11595334976
1650976967;1650978767;16;16;16;50;rw;18723.538792;1800.640130;10925626208
1650978858;1650979758;16;16;16;250;ro;97245.677100;900.063379;16424
1650979818;1650980719;16;16;16;250;ro;97016.920889;900.046709;0
1650980779;1650981680;16;16;16;250;ro;96667.759466;901.442705;0
1650981740;1650983540;16;16;16;250;rw;14194.746816;1800.070544;18336700360
1650983600;1650985400;16;16;16;250;rw;14200.167457;1800.045973;21326670488
1650985460;1650987261;16;16;16;250;rw;14382.790337;1800.524048;17388101648
1650987457;1650988357;16;16;16;1000;ro;35175.601857;900.044215;2288
1650988417;1650989317;16;16;16;1000;ro;35080.648760;900.049119;0
1650989377;1650990278;16;16;16;1000;ro;35098.938569;900.607642;0
1650990338;1650992138;16;16;16;1000;rw;4269.972987;1800.046336;42538595352
1650992198;1650993998;16;16;16;1000;rw;5023.403540;1800.074738;44713238672
1650994058;1650995858;16;16;16;1000;rw;5010.886566;1800.250114;45778366232
1650996046;1650996946;32;2;16;50;ro;124161.423777;900.047321;1104
1650997006;1650997906;32;2;16;50;ro;124033.756744;900.038902;0
1650997966;1650998868;32;2;16;50;ro;123432.835051;901.765904;0
1650998928;1651000728;32;2;16;50;rw;18440.073457;1800.066389;11035976824
1651000788;1651002588;32;2;16;50;rw;17770.634304;1800.066116;11315658336
1651002648;1651004449;32;2;16;50;rw;17830.957787;1800.650104;10600984736
1651004566;1651005466;32;2;16;250;ro;83749.340349;900.045129;1264
1651005526;1651006426;32;2;16;250;ro;83882.435815;900.057809;0
1651006486;1651007388;32;2;16;250;ro;83835.371238;901.249892;0
1651007448;1651009248;32;2;16;250;rw;11532.517895;1800.045477;17221147552
1651009308;1651011108;32;2;16;250;rw;11068.883921;1800.044091;20547053488
1651011168;1651012968;32;2;16;250;rw;11284.561669;1800.451939;16728076312
1651013271;1651014171;32;2;16;1000;ro;21170.364315;900.063450;2112
1651014231;1651015132;32;2;16;1000;ro;21155.641848;900.075785;0
1651015192;1651016092;32;2;16;1000;ro;21104.459263;900.413090;0
1651016152;1651017952;32;2;16;1000;rw;3851.451246;1800.062929;45536116112
1651018012;1651019812;32;2;16;1000;rw;4357.940872;1800.078725;49836530728
1651019872;1651021673;32;2;16;1000;rw;4311.995040;1800.236489;50078996136
