1648831532;1648832432;8;8;16;50;ro;126325.972941;900.053232;6456
1648832492;1648833392;8;8;16;50;ro;126710.272590;900.046366;0
1648833452;1648834354;8;8;16;50;ro;125444.887935;901.792551;0
1648834414;1648836214;8;8;16;50;rw;20835.718100;1800.044470;9749742448
1648836274;1648838074;8;8;16;50;rw;20782.209046;1800.056857;9650337208
1648838134;1648839935;8;8;16;50;rw;20709.904245;1800.708728;9603197336
1648840026;1648840926;8;8;16;250;ro;104754.899794;900.056347;3448
1648840986;1648841886;8;8;16;250;ro;105438.851384;900.050802;0
1648841946;1648842848;8;8;16;250;ro;105005.911785;901.563533;0
1648842908;1648844708;8;8;16;250;rw;17648.063806;1800.068802;8455013912
1648844768;1648846568;8;8;16;250;rw;17707.813102;1800.073487;8265004240
1648846628;1648848429;8;8;16;250;rw;17776.284993;1800.637578;8281552312
1648848637;1648849537;8;8;16;1000;ro;49107.435599;900.047255;5224
1648849597;1648850497;8;8;16;1000;ro;51334.167346;900.066399;0
1648850558;1648851458;8;8;16;1000;ro;52205.647844;900.826365;0
1648851518;1648853319;8;8;16;1000;rw;7298.045550;1800.068572;3678130544
1648853379;1648855179;8;8;16;1000;rw;7563.654063;1800.054637;3549924488
1648855239;1648857039;8;8;16;1000;rw;7557.058943;1800.344758;3546680792
1648857226;1648858126;32;8;16;50;ro;122912.649377;900.046950;3576
1648858186;1648859087;32;8;16;50;ro;122962.508168;900.042739;0
1648859147;1648860048;32;8;16;50;ro;121755.718047;901.758438;0
1648860108;1648861908;32;8;16;50;rw;18803.653189;1800.068217;8789966128
1648861969;1648863769;32;8;16;50;rw;18659.866130;1800.054861;8647835272
1648863829;1648865629;32;8;16;50;rw;18594.770917;1800.640134;8606442720
1648865720;1648866620;32;8;16;250;ro;84434.438020;900.053420;2672
1648866680;1648867580;32;8;16;250;ro;84932.897846;900.054320;0
1648867640;1648868542;32;8;16;250;ro;84935.500533;901.314441;0
1648868602;1648870402;32;8;16;250;rw;12119.260606;1800.044923;5797708104
1648870462;1648872262;32;8;16;250;rw;12080.579101;1800.073609;5679454992
1648872322;1648874122;32;8;16;250;rw;12123.779931;1800.471612;5658603480
1648874341;1648875241;32;8;16;1000;ro;21029.055548;900.032615;7016
1648875301;1648876201;32;8;16;1000;ro;21126.110579;900.079682;0
1648876261;1648877161;32;8;16;1000;ro;21103.667109;900.399436;0
1648877221;1648879021;32;8;16;1000;rw;4208.019791;1800.050616;2122429304
1648879082;1648880882;32;8;16;1000;rw;4243.975887;1800.077565;2026709784
1648880942;1648882742;32;8;16;1000;rw;4263.237190;1800.239896;2050603880
1648882934;1648883834;1;8;16;50;ro;123972.950220;900.060930;4936
1648883894;1648884794;1;8;16;50;ro;124504.648496;900.045892;232
1648884854;1648885756;1;8;16;50;ro;123413.725148;901.756780;0
1648885816;1648887616;1;8;16;50;rw;20213.867936;1800.047205;12104750272
1648887676;1648889476;1;8;16;50;rw;20369.201954;1800.085599;11090377376
1648889536;1648891337;1;8;16;50;rw;20393.613831;1800.709397;10846871032
1648891446;1648892347;1;8;16;250;ro;107014.259933;900.047114;7392
1648892407;1648893307;1;8;16;250;ro;106927.322511;900.044316;0
1648893367;1648894268;1;8;16;250;ro;106729.640653;901.595733;0
1648894328;1648896129;1;8;16;250;rw;17475.832031;1800.078154;9678201456
1648896189;1648897989;1;8;16;250;rw;17804.042398;1800.040493;8983895312
1648898049;1648899849;1;8;16;250;rw;17681.414739;1800.661544;9092779552
1648900127;1648901027;1;8;16;1000;ro;57371.827768;900.067590;6496
1648901087;1648901987;1;8;16;1000;ro;60607.959494;900.054965;0
1648902047;1648902948;1;8;16;1000;ro;58566.425362;900.943109;0
1648903008;1648904808;1;8;16;1000;rw;7509.338770;1800.088472;5433257384
1648904868;1648906668;1;8;16;1000;rw;7478.671659;1800.068076;5003971184
1648906729;1648908529;1;8;16;1000;rw;7859.784289;1800.371618;5122993016
1648908727;1648909627;4;64;16;50;ro;124876.502285;900.045349;11048
1648909687;1648910587;4;64;16;50;ro;124773.060715;900.035834;232
1648910647;1648911549;4;64;16;50;ro;123836.037437;901.758590;0
1648911609;1648913409;4;64;16;50;rw;14360.055818;1800.047213;6839829504
1648913469;1648915269;4;64;16;50;rw;14395.600239;1800.061438;6688359520
1648915329;1648917130;4;64;16;50;rw;14266.327495;1800.507864;6618324472
1648917223;1648918123;4;64;16;250;ro;106503.706410;900.039797;288
1648918183;1648919083;4;64;16;250;ro;106821.649857;900.047622;0
1648919143;1648920045;4;64;16;250;ro;105877.662502;901.571200;0
1648920105;1648921905;4;64;16;250;rw;13403.839471;1800.046823;6472305432
1648921965;1648923765;4;64;16;250;rw;13479.496933;1800.060172;6298030224
1648923825;1648925626;4;64;16;250;rw;13359.567159;1800.507546;6431461016
1648925851;1648926751;4;64;16;1000;ro;60205.638199;900.078346;56528
1648926811;1648927712;4;64;16;1000;ro;61608.182406;900.080268;0
1648927772;1648928672;4;64;16;1000;ro;58747.551117;900.929407;0
1648928733;1648930533;4;64;16;1000;rw;6205.038387;1800.061686;3675412416
1648930593;1648932393;4;64;16;1000;rw;6727.203297;1800.051789;3192097192
1648932453;1648934253;4;64;16;1000;rw;6845.177256;1800.315658;3211170872
1648934441;1648935341;32;1;16;50;ro;122335.818475;900.053427;1224
1648935401;1648936301;32;1;16;50;ro;122033.707637;900.028390;0
1648936361;1648937263;32;1;16;50;ro;121922.186438;901.735712;0
1648937323;1648939123;32;1;16;50;rw;18839.832017;1800.061423;8988601104
1648939183;1648940983;32;1;16;50;rw;18443.007710;1800.068371;8725141792
1648941043;1648942844;32;1;16;50;rw;18364.587345;1800.639662;8682513512
1648942964;1648943864;32;1;16;250;ro;84274.372522;900.049355;392
1648943924;1648944824;32;1;16;250;ro;84464.598366;900.047987;0
1648944884;1648945785;32;1;16;250;ro;84266.905258;901.246050;0
1648945845;1648947645;32;1;16;250;rw;12117.257777;1800.053675;5918922032
1648947705;1648949506;32;1;16;250;rw;12087.955922;1800.067030;5801691760
1648949566;1648951366;32;1;16;250;rw;12082.677648;1800.457235;5757754976
1648951644;1648952544;32;1;16;1000;ro;21075.845550;900.066205;496
1648952604;1648953505;32;1;16;1000;ro;21116.068479;900.052281;0
1648953565;1648954465;32;1;16;1000;ro;21141.127231;900.409408;0
1648954525;1648956325;32;1;16;1000;rw;4639.322003;1800.120099;2373728832
1648956385;1648958185;32;1;16;1000;rw;4723.732168;1800.061491;2320537920
1648958245;1648960046;32;1;16;1000;rw;4728.866525;1800.251072;2297580480
1648960233;1648961133;4;1;16;50;ro;122764.707883;900.033055;104
1648961193;1648962093;4;1;16;50;ro;122719.507609;900.039361;232
1648962153;1648963055;4;1;16;50;ro;122213.945917;901.746566;0
1648963115;1648964915;4;1;16;50;rw;20679.611641;1800.066200;10008000848
1648964975;1648966775;4;1;16;50;rw;20455.429507;1800.047703;9710134336
1648966835;1648968636;4;1;16;50;rw;20427.973302;1800.701378;9706228168
1648968747;1648969647;4;1;16;250;ro;105249.298605;900.058901;960
1648969707;1648970608;4;1;16;250;ro;104911.625152;900.046923;0
1648970668;1648971569;4;1;16;250;ro;104917.700516;901.555211;0
1648971629;1648973429;4;1;16;250;rw;18247.662944;1800.057245;8933199808
1648973489;1648975289;4;1;16;250;rw;18311.846343;1800.060210;8797141472
1648975349;1648977150;4;1;16;250;rw;17875.355641;1800.633998;8896498304
1648977404;1648978304;4;1;16;1000;ro;58450.352653;900.078066;720
1648978364;1648979264;4;1;16;1000;ro;60180.160379;900.076251;0
1648979324;1648980225;4;1;16;1000;ro;59895.526019;900.938023;0
1648980285;1648982085;4;1;16;1000;rw;9009.820643;1800.079574;5124174192
1648982145;1648983946;4;1;16;1000;rw;10022.676733;1800.063936;4823164824
1648984006;1648985806;4;1;16;1000;rw;10243.585477;1800.427275;4908855864
1648985998;1648986898;1;4;16;50;ro;122060.578959;900.045397;1304
1648986959;1648987859;1;4;16;50;ro;122850.091239;900.055122;232
1648987919;1648988820;1;4;16;50;ro;121553.150184;901.767788;0
1648988880;1648990681;1;4;16;50;rw;20521.493127;1800.033267;12343861216
1648990741;1648992541;1;4;16;50;rw;20703.679199;1800.071774;11246955576
1648992601;1648994401;1;4;16;50;rw;20708.789658;1800.718181;11023147136
1648994511;1648995411;1;4;16;250;ro;106193.201133;900.053423;3600
1648995471;1648996371;1;4;16;250;ro;106375.644758;900.068396;0
1648996431;1648997333;1;4;16;250;ro;106050.212410;901.587321;0
1648997393;1648999193;1;4;16;250;rw;17942.656874;1800.035600;9915861704
1648999253;1649001053;1;4;16;250;rw;18198.016991;1800.100407;9194361528
1649001113;1649002914;1;4;16;250;rw;18038.758240;1800.650029;9272800376
1649003189;1649004090;1;4;16;1000;ro;57261.421368;900.057707;1280
1649004150;1649005050;1;4;16;1000;ro;58719.415699;900.064008;0
1649005110;1649006011;1;4;16;1000;ro;58401.867823;900.951230;0
1649006071;1649007871;1;4;16;1000;rw;8610.803591;1800.110890;6108193640
1649007931;1649009731;1;4;16;1000;rw;8768.633619;1800.077354;5602070360
1649009791;1649011592;1;4;16;1000;rw;9508.156617;1800.415828;5870789168
1649011792;1649012693;1;16;16;50;ro;122366.915620;900.049182;7432
1649012753;1649013653;1;16;16;50;ro;122511.846913;900.046115;232
1649013713;1649014614;1;16;16;50;ro;122193.747326;901.756999;0
1649014674;1649016475;1;16;16;50;rw;19080.870911;1800.047846;11747673288
1649016535;1649018335;1;16;16;50;rw;19098.665206;1800.046839;10631828112
1649018395;1649020195;1;16;16;50;rw;19090.558822;1800.672008;10289454368
1649020305;1649021205;1;16;16;250;ro;106028.516401;900.054191;4064
1649021265;1649022165;1;16;16;250;ro;107018.859191;900.052763;0
1649022225;1649023127;1;16;16;250;ro;105774.953443;901.574752;0
1649023187;1649024987;1;16;16;250;rw;16460.037175;1800.077814;9209516976
1649025047;1649026848;1;16;16;250;rw;16668.674910;1800.056450;8458818896
1649026908;1649028708;1;16;16;250;rw;16587.859457;1800.738163;8589391952
1649028988;1649029889;1;16;16;1000;ro;56943.378737;900.061868;3456
1649029949;1649030849;1;16;16;1000;ro;58411.760916;900.058366;0
1649030909;1649031810;1;16;16;1000;ro;56910.009506;900.916070;0
1649031870;1649033670;1;16;16;1000;rw;6275.619330;1800.050590;4569180984
1649033730;1649035530;1;16;16;1000;rw;5629.088260;1800.041952;4132947336
1649035590;1649037390;1;16;16;1000;rw;6194.504287;1800.311332;4450767824
1649037599;1649038499;16;64;16;50;ro;121103.869647;900.051430;288
1649038559;1649039460;16;64;16;50;ro;120303.878335;900.046150;0
1649039520;1649040421;16;64;16;50;ro;120345.228285;901.725136;0
1649040481;1649042281;16;64;16;50;rw;14120.490490;1800.059322;6597228968
1649042341;1649044142;16;64;16;50;rw;14410.363320;1800.060132;6674358096
1649044202;1649046002;16;64;16;50;rw;14314.508192;1800.532545;6617776184
1649046092;1649046992;16;64;16;250;ro;95257.622479;900.050724;6368
1649047052;1649047952;16;64;16;250;ro;95975.654417;900.063702;0
1649048012;1649048914;16;64;16;250;ro;95439.964487;901.408623;0
1649048974;1649050774;16;64;16;250;rw;11930.603938;1800.046768;5689415792
1649050834;1649052634;16;64;16;250;rw;11805.585546;1800.030081;5540075408
1649052694;1649054495;16;64;16;250;rw;11708.513182;1800.459002;5452752168
1649054700;1649055600;16;64;16;1000;ro;34973.937516;900.063518;18744
1649055660;1649056560;16;64;16;1000;ro;34962.169461;900.074816;0
1649056620;1649057521;16;64;16;1000;ro;34865.288489;900.608160;0
1649057581;1649059381;16;64;16;1000;rw;4193.877155;1800.064319;2086269000
1649059441;1649061241;16;64;16;1000;rw;4425.976492;1800.067253;2071966192
1649061301;1649063101;16;64;16;1000;rw;4337.532137;1800.223325;2043359848
1649063292;1649064193;1;32;16;50;ro;121012.163562;900.059687;25560
1649064253;1649065153;1;32;16;50;ro;120787.211675;900.047080;232
1649065213;1649066114;1;32;16;50;ro;120745.139292;901.735109;0
1649066174;1649067975;1;32;16;50;rw;13371.249134;1800.048695;8913683384
1649068035;1649069835;1;32;16;50;rw;13482.951798;1800.079509;8771046608
1649069895;1649071695;1;32;16;50;rw;13567.147524;1800.525638;8220063040
1649071804;1649072704;1;32;16;250;ro;104505.234359;900.057676;9296
1649072764;1649073664;1;32;16;250;ro;104486.518463;900.051353;0
1649073724;1649074625;1;32;16;250;ro;104572.842522;901.566893;0
1649074685;1649076486;1;32;16;250;rw;12317.439181;1800.056430;7325455672
1649076546;1649078346;1;32;16;250;rw;12066.215965;1800.063865;6522947024
1649078406;1649080206;1;32;16;250;rw;12307.151485;1800.499322;6673854176
1649080491;1649081392;1;32;16;1000;ro;56963.324868;900.054339;26152
1649081452;1649082352;1;32;16;1000;ro;58323.216087;900.058011;0
1649082412;1649083313;1;32;16;1000;ro;56971.595562;900.919542;0
1649083373;1649085173;1;32;16;1000;rw;4675.718450;1800.075970;3463713440
1649085233;1649087033;1;32;16;1000;rw;4644.982994;1800.079575;3878821944
1649087093;1649088893;1;32;16;1000;rw;4833.690344;1800.265364;3626003904
1649089094;1649089994;4;8;16;50;ro;122496.711938;900.060830;7832
1649090054;1649090954;4;8;16;50;ro;122462.075980;900.049728;232
1649091014;1649091916;4;8;16;50;ro;122940.487062;901.763328;0
1649091976;1649093776;4;8;16;50;rw;20709.492921;1800.052053;9815669416
1649093836;1649095636;4;8;16;50;rw;20976.567193;1800.067435;9760792848
1649095696;1649097497;4;8;16;50;rw;20821.044959;1800.741253;9694261256
1649097592;1649098492;4;8;16;250;ro;104190.710009;900.055059;3984
1649098552;1649099452;4;8;16;250;ro;105498.002386;900.047850;0
1649099512;1649100414;4;8;16;250;ro;104523.715683;901.556931;0
1649100474;1649102274;4;8;16;250;rw;18719.659296;1800.050715;8971802736
1649102334;1649104134;4;8;16;250;rw;18665.350656;1800.033909;8806155040
1649104194;1649105995;4;8;16;250;rw;18512.448673;1800.665598;8916682104
1649106215;1649107115;4;8;16;1000;ro;58367.482950;900.075695;2224
1649107175;1649108075;4;8;16;1000;ro;58187.522159;900.083511;0
1649108135;1649109036;4;8;16;1000;ro;58424.101801;900.922407;0
1649109096;1649110896;4;8;16;1000;rw;8394.141753;1800.074586;4733253320
1649110956;1649112756;4;8;16;1000;rw;9347.862583;1800.081482;4410315784
1649112816;1649114617;4;8;16;1000;rw;9430.494696;1800.408283;4427677576
1649114803;1649115703;32;32;16;50;ro;123179.745976;900.042640;5992
1649115763;1649116663;32;32;16;50;ro;123844.378984;900.038403;0
1649116723;1649117625;32;32;16;50;ro;123073.499697;901.759065;0
1649117685;1649119485;32;32;16;50;rw;12680.651781;1800.067665;5932669528
1649119545;1649121345;32;32;16;50;rw;12659.520964;1800.059555;5860046824
1649121405;1649123206;32;32;16;50;rw;12596.355043;1800.483044;5823019576
1649123296;1649124196;32;32;16;250;ro;85097.106450;900.044803;10808
1649124256;1649125156;32;32;16;250;ro;85252.027249;900.039494;0
1649125216;1649126117;32;32;16;250;ro;85129.721954;901.268176;0
1649126177;1649127977;32;32;16;250;rw;9500.449548;1800.050067;4546071352
1649128037;1649129837;32;32;16;250;rw;9441.623356;1800.083393;4442978224
1649129897;1649131698;32;32;16;250;rw;9413.290643;1800.420476;4400946432
1649131920;1649132820;32;32;16;1000;ro;21052.413185;900.052654;30816
1649132880;1649133780;32;32;16;1000;ro;21109.822570;900.059048;0
1649133840;1649134741;32;32;16;1000;ro;21134.053890;900.428907;0
1649134801;1649136601;32;32;16;1000;rw;3140.268341;1800.086026;1617799104
1649136661;1649138461;32;32;16;1000;rw;3291.785685;1800.071808;1544631144
1649138521;1649140321;32;32;16;1000;rw;3227.725184;1800.203468;1569999400
1649140510;1649141410;2;4;16;50;ro;123575.666132;900.047835;712
1649141471;1649142371;2;4;16;50;ro;123863.681968;900.046275;232
1649142431;1649143332;2;4;16;50;ro;122885.433202;901.752601;0
1649143392;1649145193;2;4;16;50;rw;21037.106395;1800.068021;11156778552
1649145253;1649147053;2;4;16;50;rw;21255.873504;1800.073595;10869205120
1649147113;1649148913;2;4;16;50;rw;21175.482167;1800.733354;10828860288
1649149012;1649149912;2;4;16;250;ro;105680.201590;900.062672;1072
1649149972;1649150872;2;4;16;250;ro;107174.276364;900.048252;0
1649150932;1649151834;2;4;16;250;ro;105567.730527;901.584877;0
1649151894;1649153694;2;4;16;250;rw;18183.225160;1800.068186;9518825032
1649153754;1649155554;2;4;16;250;rw;17910.371095;1800.068686;9437772920
1649155614;1649157415;2;4;16;250;rw;18017.027659;1800.644410;9273327952
1649157650;1649158550;2;4;16;1000;ro;59770.425629;900.052198;2160
1649158610;1649159510;2;4;16;1000;ro;59706.136782;900.055616;0
1649159570;1649160471;2;4;16;1000;ro;58471.088436;900.934900;0
1649160531;1649162331;2;4;16;1000;rw;9131.647422;1800.074837;5740923552
1649162391;1649164192;2;4;16;1000;rw;9653.866748;1800.076072;5560201720
1649164252;1649166052;2;4;16;1000;rw;9828.245584;1800.430564;5433207008
1649166243;1649167144;4;2;16;50;ro;123702.762363;900.057877;1800
1649167204;1649168104;4;2;16;50;ro;124033.299916;900.039664;232
1649168164;1649169065;4;2;16;50;ro;123555.787323;901.790068;0
1649169125;1649170926;4;2;16;50;rw;20731.471484;1800.070439;9913470944
1649170986;1649172786;4;2;16;50;rw;19948.628312;1800.078569;9357319624
1649172846;1649174646;4;2;16;50;rw;19872.270001;1800.674596;9331742856
1649174745;1649175645;4;2;16;250;ro;104697.182039;900.031468;1440
1649175705;1649176605;4;2;16;250;ro;105241.129828;900.059373;0
1649176665;1649177567;4;2;16;250;ro;105014.721347;901.566516;0
1649177627;1649179427;4;2;16;250;rw;17722.682660;1800.077689;8581258496
1649179487;1649181287;4;2;16;250;rw;17852.334674;1800.062203;8475461728
1649181347;1649183148;4;2;16;250;rw;17295.182491;1800.621917;8513213152
1649183369;1649184269;4;2;16;1000;ro;61198.389668;900.050994;2160
1649184329;1649185229;4;2;16;1000;ro;60117.644205;900.076062;0
1649185289;1649186190;4;2;16;1000;ro;62535.963140;901.002893;0
1649186250;1649188050;4;2;16;1000;rw;9157.301854;1800.065760;5128432768
1649188110;1649189910;4;2;16;1000;rw;10204.321068;1800.053723;4853360632
1649189970;1649191771;4;2;16;1000;rw;10369.455914;1800.432708;4911607432
1649191958;1649192858;16;32;16;50;ro;121123.445663;900.046202;28680
1649192918;1649193818;16;32;16;50;ro;121470.475403;900.039945;0
1649193878;1649194780;16;32;16;50;ro;121043.957257;901.740525;0
1649194840;1649196640;16;32;16;50;rw;13066.432502;1800.072515;6110558472
1649196700;1649198500;16;32;16;50;rw;12979.699331;1800.058099;6016648624
1649198560;1649200360;16;32;16;50;rw;13020.058573;1800.489970;6024416760
1649200451;1649201351;16;32;16;250;ro;95601.969452;900.045337;7584
1649201411;1649202311;16;32;16;250;ro;95169.497978;900.048229;0
1649202371;1649203272;16;32;16;250;ro;94701.098674;901.415274;0
1649203332;1649205133;16;32;16;250;rw;11032.264227;1800.067916;5264146032
1649205193;1649206993;16;32;16;250;rw;10991.165652;1800.058611;5162717568
1649207053;1649208853;16;32;16;250;rw;10903.041587;1800.431271;5088927104
1649209069;1649209969;16;32;16;1000;ro;34953.649250;900.071437;23696
1649210029;1649210929;16;32;16;1000;ro;34988.888185;900.053856;0
1649210989;1649211890;16;32;16;1000;ro;34979.157640;900.611789;0
1649211950;1649213750;16;32;16;1000;rw;3904.955063;1800.102161;1951663000
1649213810;1649215610;16;32;16;1000;rw;4109.615208;1800.073122;1924644328
1649215670;1649217470;16;32;16;1000;rw;4061.622965;1800.227351;1907813984
1649217658;1649218558;4;16;16;50;ro;122449.829969;900.059466;14448
1649218618;1649219518;4;16;16;50;ro;121689.886606;900.033754;232
1649219578;1649220480;4;16;16;50;ro;120193.337306;901.728562;0
1649220540;1649222340;4;16;16;50;rw;19673.872330;1800.081775;9320096416
1649222400;1649224200;4;16;16;50;rw;19715.118761;1800.074345;9175253256
1649224260;1649226061;4;16;16;50;rw;19705.832097;1800.688234;9151191072
1649226156;1649227056;4;16;16;250;ro;105065.396669;900.047500;7640
1649227116;1649228016;4;16;16;250;ro;104974.893745;900.038451;0
1649228076;1649228978;4;16;16;250;ro;103902.909456;901.547875;0
1649229038;1649230838;4;16;16;250;rw;17637.872020;1800.059284;8450697688
1649230898;1649232698;4;16;16;250;rw;17792.557357;1800.052580;8357807992
1649232758;1649234559;4;16;16;250;rw;17315.674543;1800.632450;8425669664
1649234784;1649235684;4;16;16;1000;ro;62676.854924;900.055628;16680
1649235744;1649236644;4;16;16;1000;ro;62641.384119;900.057531;0
1649236704;1649237605;4;16;16;1000;ro;58528.557721;900.941312;0
1649237665;1649239465;4;16;16;1000;rw;6881.832213;1800.077333;4038525408
1649239525;1649241325;4;16;16;1000;rw;7692.341278;1800.049919;3626634040
1649241385;1649243186;4;16;16;1000;rw;7761.663444;1800.348228;3642476200
1649243375;1649244275;2;1;16;50;ro;122494.062880;900.052316;464
1649244335;1649245235;2;1;16;50;ro;122595.842433;900.050612;232
1649245295;1649246197;2;1;16;50;ro;122381.630664;901.761383;0
1649246257;1649248057;2;1;16;50;rw;20367.088565;1800.053378;11080503736
1649248117;1649249917;2;1;16;50;rw;20090.756398;1800.067387;10593137720
1649249977;1649251778;2;1;16;50;rw;20080.943036;1800.694640;10545051040
1649251880;1649252780;2;1;16;250;ro;106635.223411;900.056026;312
1649252840;1649253741;2;1;16;250;ro;107027.162209;900.055837;0
1649253801;1649254702;2;1;16;250;ro;106342.195491;901.589571;0
1649254762;1649256562;2;1;16;250;rw;17325.830590;1800.056530;9248859064
1649256622;1649258423;2;1;16;250;rw;17035.859630;1800.080103;9208342408
1649258483;1649260283;2;1;16;250;rw;17022.013980;1800.631588;8961930392
1649260521;1649261421;2;1;16;1000;ro;57905.104640;900.051957;880
1649261481;1649262381;2;1;16;1000;ro;61802.592443;900.077754;0
1649262441;1649263342;2;1;16;1000;ro;57787.550480;900.935316;0
1649263402;1649265203;2;1;16;1000;rw;8652.158720;1800.061595;5603426224
1649265263;1649267063;2;1;16;1000;rw;9093.561774;1800.042475;5439840144
1649267123;1649268923;2;1;16;1000;rw;9286.699305;1800.407174;5238426304
1649269114;1649270014;32;16;16;50;ro;124489.041645;900.055545;10984
1649270074;1649270974;32;16;16;50;ro;125084.284337;900.040910;0
1649271034;1649271936;32;16;16;50;ro;124005.473539;901.774781;0
1649271996;1649273796;32;16;16;50;rw;17778.380661;1800.059377;8299624824
1649273856;1649275656;32;16;16;50;rw;17729.323838;1800.044859;8202443616
1649275716;1649277517;32;16;16;50;rw;17655.353250;1800.626220;8162193480
1649277609;1649278509;32;16;16;250;ro;85114.028997;900.059007;10232
1649278569;1649279469;32;16;16;250;ro;85270.126807;900.046621;0
1649279529;1649280430;32;16;16;250;ro;85235.834258;901.270468;0
1649280490;1649282290;32;16;16;250;rw;11610.302125;1800.049850;5549293000
1649282350;1649284150;32;16;16;250;rw;11576.116573;1800.058240;5435625120
1649284210;1649286011;32;16;16;250;rw;11622.462047;1800.459655;5419161304
1649286231;1649287131;32;16;16;1000;ro;21025.734710;900.060545;5768
1649287191;1649288091;32;16;16;1000;ro;21054.646884;900.064744;0
1649288151;1649289052;32;16;16;1000;ro;21115.742980;900.414015;0
1649289112;1649290912;32;16;16;1000;rw;3673.833297;1800.076315;1869005824
1649290972;1649292772;32;16;16;1000;rw;3762.761502;1800.072620;1777261424
1649292832;1649294632;32;16;16;1000;rw;3745.674643;1800.218628;1821714608
1649294824;1649295724;1;1;16;50;ro;123826.239051;900.068921;648
1649295784;1649296684;1;1;16;50;ro;124187.063570;900.051513;232
1649296744;1649297646;1;1;16;50;ro;124424.299965;901.797422;0
1649297706;1649299506;1;1;16;50;rw;19907.561336;1800.031904;12226996728
1649299566;1649301366;1;1;16;50;rw;19373.534738;1800.076491;11016880584
1649301426;1649303227;1;1;16;50;rw;19251.173233;1800.689433;10717534520
1649303340;1649304240;1;1;16;250;ro;107752.752061;900.056029;408
1649304300;1649305201;1;1;16;250;ro;108148.246399;900.067178;0
1649305261;1649306162;1;1;16;250;ro;106780.939910;901.625665;0
1649306222;1649308022;1;1;16;250;rw;16756.014064;1800.075141;9558894752
1649308082;1649309883;1;1;16;250;rw;17095.833874;1800.062895;8844937680
1649309943;1649311743;1;1;16;250;rw;16919.225546;1800.626094;8938313272
1649312021;1649312921;1;1;16;1000;ro;58431.472630;900.074135;344
1649312981;1649313882;1;1;16;1000;ro;57579.049231;900.084463;0
1649313942;1649314843;1;1;16;1000;ro;57358.863898;900.921793;0
1649314903;1649316703;1;1;16;1000;rw;8019.003804;1800.061126;5831554072
1649316763;1649318563;1;1;16;1000;rw;8331.471973;1800.104283;5537320984
1649318623;1649320423;1;1;16;1000;rw;8679.694212;1800.394326;5608569520
1649320620;1649321520;8;32;16;50;ro;126848.674307;900.034057;13424
1649321580;1649322480;8;32;16;50;ro;126948.617579;900.030696;0
1649322540;1649323442;8;32;16;50;ro;125895.056863;901.790905;0
1649323502;1649325302;8;32;16;50;rw;13487.978087;1800.060052;6319604264
1649325362;1649327162;8;32;16;50;rw;13484.733967;1800.060762;6254027344
1649327223;1649329023;8;32;16;50;rw;13440.865860;1800.507959;6225077744
1649329115;1649330015;8;32;16;250;ro;105256.216961;900.048673;21184
1649330075;1649330975;8;32;16;250;ro;105118.595325;900.062150;0
1649331035;1649331937;8;32;16;250;ro;104616.055663;901.558846;0
1649331997;1649333797;8;32;16;250;rw;12186.981321;1800.061610;5850121224
1649333857;1649335657;8;32;16;250;rw;12124.024101;1800.078410;5692919712
1649335717;1649337517;8;32;16;250;rw;12153.319396;1800.467956;5651226512
1649337736;1649338636;8;32;16;1000;ro;49104.601522;900.078138;18328
1649338696;1649339596;8;32;16;1000;ro;50076.388340;900.073028;0
1649339656;1649340557;8;32;16;1000;ro;50530.619244;900.820720;0
1649340617;1649342417;8;32;16;1000;rw;4689.485272;1800.054755;2446090488
1649342477;1649344277;8;32;16;1000;rw;5071.150503;1800.052582;2378093360
1649344337;1649346138;8;32;16;1000;rw;5052.899534;1800.280136;2366531296
1649346329;1649347229;1;2;16;50;ro;124328.656868;900.055592;1856
1649347289;1649348189;1;2;16;50;ro;123987.670589;900.051190;256
1649348249;1649349151;1;2;16;50;ro;124292.522180;901.791758;0
1649349211;1649351011;1;2;16;50;rw;19747.796123;1800.087342;12088453112
1649351071;1649352871;1;2;16;50;rw;18957.748441;1800.074949;10746418424
1649352931;1649354732;1;2;16;50;rw;19138.175960;1800.670641;10465726208
1649354846;1649355746;1;2;16;250;ro;107977.076937;900.061042;1896
1649355806;1649356706;1;2;16;250;ro;108159.047765;900.065442;0
1649356766;1649357668;1;2;16;250;ro;107571.460283;901.612262;0
1649357728;1649359528;1;2;16;250;rw;15817.413397;1800.054918;9034138608
1649359588;1649361388;1;2;16;250;rw;16354.942361;1800.070371;8496007944
1649361448;1649363249;1;2;16;250;rw;16125.142802;1800.594910;8550370936
1649363525;1649364425;1;2;16;1000;ro;57341.040894;900.051847;464
1649364485;1649365385;1;2;16;1000;ro;57438.935682;900.058811;0
1649365445;1649366346;1;2;16;1000;ro;58329.665556;900.942252;0
1649366406;1649368206;1;2;16;1000;rw;8103.007331;1800.078439;5853826920
1649368267;1649370067;1;2;16;1000;rw;7778.162832;1800.063471;5156838824
1649370127;1649371927;1;2;16;1000;rw;8717.767534;1800.396891;5569670448
1649372127;1649373027;2;16;16;50;ro;122599.038895;900.056406;14288
1649373087;1649373987;2;16;16;50;ro;121995.939003;900.041449;232
1649374047;1649374949;2;16;16;50;ro;122755.272452;901.761639;0
1649375009;1649376809;2;16;16;50;rw;19524.832814;1800.068096;10458431248
1649376869;1649378669;2;16;16;50;rw;19514.806110;1800.074528;10067249856
1649378729;1649380530;2;16;16;50;rw;19441.255946;1800.647714;10027667280
1649380630;1649381530;2;16;16;250;ro;105735.087435;900.052029;14248
1649381590;1649382490;2;16;16;250;ro;105985.514329;900.061582;0
1649382550;1649383452;2;16;16;250;ro;105653.036983;901.576603;0
1649383512;1649385312;2;16;16;250;rw;16765.870268;1800.047062;8778794360
1649385372;1649387172;2;16;16;250;rw;16591.348997;1800.034428;8781255016
1649387232;1649389033;2;16;16;250;rw;16678.380678;1800.604027;8597705504
1649389277;1649390177;2;16;16;1000;ro;59211.428436;900.047313;13264
1649390237;1649391137;2;16;16;1000;ro;60987.928542;900.055773;0
1649391197;1649392098;2;16;16;1000;ro;59373.626112;900.921655;0
1649392158;1649393959;2;16;16;1000;rw;6681.857131;1800.073865;4464451400
1649394019;1649395819;2;16;16;1000;rw;6903.166273;1800.055999;4145119080
1649395879;1649397679;2;16;16;1000;rw;7038.438504;1800.329046;4167636256
1649397871;1649398771;4;32;16;50;ro;122882.850765;900.046484;22920
1649398831;1649399731;4;32;16;50;ro;123121.491710;900.043886;232
1649399791;1649400693;4;32;16;50;ro;122844.774059;901.763983;0
1649400753;1649402553;4;32;16;50;rw;13534.053368;1800.063519;6439695216
1649402613;1649404413;4;32;16;50;rw;13502.858694;1800.050453;6291683672
1649404473;1649406274;4;32;16;50;rw;13467.777577;1800.508681;6251118328
1649406368;1649407268;4;32;16;250;ro;105150.664960;900.042782;25936
1649407328;1649408228;4;32;16;250;ro;105384.607524;900.064813;0
1649408288;1649409190;4;32;16;250;ro;105026.315057;901.573631;0
1649409250;1649411050;4;32;16;250;rw;12716.306785;1800.067626;6153838544
1649411110;1649412910;4;32;16;250;rw;12816.365879;1800.094903;5986785032
1649412970;1649414771;4;32;16;250;rw;12717.961743;1800.491936;6113981064
1649414999;1649415899;4;32;16;1000;ro;60147.608501;900.049991;2888
1649415959;1649416859;4;32;16;1000;ro;61541.769048;900.051880;0
1649416919;1649417820;4;32;16;1000;ro;59707.239206;900.944835;0
1649417880;1649419681;4;32;16;1000;rw;5360.126632;1800.077526;3169578544
1649419741;1649421541;4;32;16;1000;rw;5846.716428;1800.076174;2903071456
1649421601;1649423401;4;32;16;1000;rw;5999.079312;1800.305184;2823949488
1649423590;1649424490;2;64;16;50;ro;122367.413093;900.058066;18768
1649424550;1649425450;2;64;16;50;ro;122970.941712;900.033770;232
1649425510;1649426412;2;64;16;50;ro;121534.411424;901.750545;0
1649426472;1649428272;2;64;16;50;rw;14057.997205;1800.030050;8148418792
1649428332;1649430132;2;64;16;50;rw;14097.415207;1800.047561;7688369544
1649430192;1649431992;2;64;16;50;rw;14092.065264;1800.521503;7508347632
1649432091;1649432991;2;64;16;250;ro;106784.955168;900.047047;1088
1649433051;1649433952;2;64;16;250;ro;106060.791836;900.050978;0
1649434012;1649434913;2;64;16;250;ro;105937.703200;901.579427;0
1649434973;1649436773;2;64;16;250;rw;12989.946719;1800.062510;7010865160
1649436833;1649438633;2;64;16;250;rw;12856.234870;1800.070803;7086870296
1649438694;1649440494;2;64;16;250;rw;12847.666709;1800.507438;6967111656
1649440744;1649441644;2;64;16;1000;ro;59424.063187;900.050263;38184
1649441704;1649442604;2;64;16;1000;ro;59467.815062;900.055985;0
1649442664;1649443565;2;64;16;1000;ro;62124.579778;900.974990;0
1649443625;1649445425;2;64;16;1000;rw;5845.515646;1800.070788;3978268512
1649445485;1649447285;2;64;16;1000;rw;6141.790342;1800.053257;3736361696
1649447345;1649449146;2;64;16;1000;rw;6300.029496;1800.305983;3789050424
1649449339;1649450239;2;8;16;50;ro;123726.991430;900.058775;8168
1649450299;1649451199;2;8;16;50;ro;124803.990223;900.042786;256
1649451259;1649452161;2;8;16;50;ro;122989.276992;901.766303;0
1649452221;1649454021;2;8;16;50;rw;20557.625355;1800.033645;10918785088
1649454081;1649455881;2;8;16;50;rw;20734.840297;1800.078992;10613770144
1649455941;1649457742;2;8;16;50;rw;20630.501210;1800.690452;10559675616
1649457840;1649458740;2;8;16;250;ro;107069.494965;900.051164;2096
1649458800;1649459700;2;8;16;250;ro;107927.233852;900.040412;0
1649459761;1649460662;2;8;16;250;ro;105420.650707;901.587412;0
1649460722;1649462522;2;8;16;250;rw;17841.849207;1800.078832;9321373192
1649462582;1649464382;2;8;16;250;rw;17649.433500;1800.032718;9293902896
1649464442;1649466243;2;8;16;250;rw;17695.588921;1800.639611;9123587704
1649466481;1649467381;2;8;16;1000;ro;59503.911999;900.054771;1056
1649467441;1649468341;2;8;16;1000;ro;58512.871875;900.057822;0
1649468401;1649469302;2;8;16;1000;ro;59702.386686;900.946574;0
1649469362;1649471162;2;8;16;1000;rw;8059.162460;1800.079552;5207201640
1649471222;1649473023;2;8;16;1000;rw;8463.956057;1800.057837;5016257200
1649473083;1649474883;2;8;16;1000;rw;8554.140891;1800.399926;4716708192
1649475073;1649475973;8;1;16;50;ro;126014.119607;900.040869;904
1649476033;1649476933;8;1;16;50;ro;125347.374563;900.039847;0
1649476993;1649477895;8;1;16;50;ro;125002.217610;901.787388;0
1649477955;1649479755;8;1;16;50;rw;20709.835962;1800.063479;9894749680
1649479815;1649481615;8;1;16;50;rw;20390.985331;1800.066521;9667472928
1649481675;1649483476;8;1;16;50;rw;20418.070791;1800.707179;9666989776
1649483596;1649484496;8;1;16;250;ro;103930.913684;900.049321;1016
1649484556;1649485456;8;1;16;250;ro;104776.017207;900.041470;0
1649485516;1649486418;8;1;16;250;ro;103818.707229;901.557975;0
1649486478;1649488278;8;1;16;250;rw;17398.949709;1800.069149;8511148384
1649488338;1649490138;8;1;16;250;rw;17409.738020;1800.165356;8297359536
1649490198;1649491999;8;1;16;250;rw;17541.325820;1800.616040;8344235872
1649492262;1649493162;8;1;16;1000;ro;48743.643717;900.068758;1008
1649493222;1649494122;8;1;16;1000;ro;52339.182627;900.053127;0
1649494182;1649495083;8;1;16;1000;ro;48685.167294;900.782548;0
1649495143;1649496943;8;1;16;1000;rw;7854.636931;1800.060373;4021632328
1649497003;1649498803;8;1;16;1000;rw;8545.635230;1800.073415;4095729416
1649498863;1649500664;8;1;16;1000;rw;8503.305119;1800.381367;4079279264
1649500851;1649501751;32;64;16;50;ro;125558.393304;900.055252;45592
1649501811;1649502711;32;64;16;50;ro;125375.876919;900.054710;0
1649502771;1649503673;32;64;16;50;ro;125685.568369;901.788461;0
1649503733;1649505533;32;64;16;50;rw;13539.467928;1800.047691;6327699656
1649505593;1649507393;32;64;16;50;rw;13504.304184;1800.044250;6247454240
1649507453;1649509253;32;64;16;50;rw;13314.230568;1800.506557;6150291800
1649509343;1649510243;32;64;16;250;ro;85376.303882;900.047056;11608
1649510303;1649511203;32;64;16;250;ro;85673.276653;900.045929;0
1649511263;1649512165;32;64;16;250;ro;85725.891928;901.279484;0
1649512225;1649514025;32;64;16;250;rw;9896.799623;1800.047679;4731094488
1649514085;1649515885;32;64;16;250;rw;9832.868056;1800.066122;4622052656
1649515945;1649517745;32;64;16;250;rw;9739.686654;1800.427258;4549973032
1649517968;1649518868;32;64;16;1000;ro;21049.697931;900.074172;44880
1649518928;1649519828;32;64;16;1000;ro;21067.520375;900.052970;0
1649519888;1649520789;32;64;16;1000;ro;21047.832714;900.419733;0
1649520849;1649522649;32;64;16;1000;rw;3384.864163;1800.066082;1731695408
1649522709;1649524509;32;64;16;1000;rw;3506.491535;1800.065052;1648044104
1649524569;1649526369;32;64;16;1000;rw;3516.048893;1800.243302;1712386120
1649526557;1649527457;4;4;16;50;ro;124725.081715;900.054815;3168
1649527517;1649528417;4;4;16;50;ro;124434.113434;900.045244;232
1649528477;1649529379;4;4;16;50;ro;123869.805378;901.763685;0
1649529439;1649531239;4;4;16;50;rw;21167.662917;1800.078384;10058522624
1649531299;1649533099;4;4;16;50;rw;21337.257284;1800.073833;9957728944
1649533159;1649534960;4;4;16;50;rw;21314.656963;1800.737117;9952568248
1649535055;1649535955;4;4;16;250;ro;106675.995051;900.060274;776
1649536015;1649536915;4;4;16;250;ro;106303.630213;900.054694;0
1649536976;1649537877;4;4;16;250;ro;106529.798028;901.579688;0
1649537937;1649539737;4;4;16;250;rw;18936.111334;1800.029670;9100652784
1649539797;1649541597;4;4;16;250;rw;18994.222562;1800.060985;9045216240
1649541657;1649543458;4;4;16;250;rw;18878.778153;1800.676706;9086169728
1649543674;1649544574;4;4;16;1000;ro;60070.404977;900.075857;600
1649544634;1649545534;4;4;16;1000;ro;62799.779634;900.054388;0
1649545594;1649546495;4;4;16;1000;ro;58357.801707;900.931270;0
1649546555;1649548355;4;4;16;1000;rw;9892.465956;1800.072072;5443930488
1649548415;1649550215;4;4;16;1000;rw;10622.843705;1800.053879;5017971144
1649550275;1649552076;4;4;16;1000;rw;10703.816030;1800.452266;5039566624
1649552263;1649553163;16;2;16;50;ro;124332.605575;900.044312;904
1649553223;1649554124;16;2;16;50;ro;124513.562668;900.043081;0
1649554184;1649555085;16;2;16;50;ro;124444.428084;901.773519;0
1649555145;1649556945;16;2;16;50;rw;20113.129971;1800.038269;9487314944
1649557005;1649558806;16;2;16;50;rw;19163.751471;1800.064405;8970641520
1649558866;1649560666;16;2;16;50;rw;19154.742878;1800.660879;8958830392
1649560777;1649561677;16;2;16;250;ro;97233.540663;900.049946;1288
1649561737;1649562637;16;2;16;250;ro;97544.586226;900.055231;0
1649562697;1649563599;16;2;16;250;ro;95749.388262;901.415923;0
1649563659;1649565459;16;2;16;250;rw;14805.520810;1800.045745;7116466672
1649565519;1649567319;16;2;16;250;rw;14853.195668;1800.061539;7036530008
1649567379;1649569180;16;2;16;250;rw;14949.735803;1800.547802;7026730328
1649569424;1649570324;16;2;16;1000;ro;34919.763435;900.060385;1664
1649570385;1649571285;16;2;16;1000;ro;34987.212472;900.064936;0
1649571345;1649572245;16;2;16;1000;ro;34900.702540;900.603037;0
1649572305;1649574105;16;2;16;1000;rw;6207.977720;1800.067619;3064231512
1649574165;1649575966;16;2;16;1000;rw;6480.326172;1800.061098;3078577536
1649576026;1649577826;16;2;16;1000;rw;6296.117776;1800.300505;3102597248
1649578015;1649578915;2;32;16;50;ro;119904.385107;900.036300;6176
1649578975;1649579875;2;32;16;50;ro;119936.567375;900.047487;232
1649579935;1649580837;2;32;16;50;ro;119663.631307;901.723339;0
1649580897;1649582697;2;32;16;50;rw;13443.717676;1800.047295;7883289632
1649582757;1649584557;2;32;16;50;rw;13459.116710;1800.050127;7464629768
1649584617;1649586418;2;32;16;50;rw;13462.533600;1800.507790;7277321200
1649586517;1649587417;2;32;16;250;ro;104427.328404;900.053548;7424
1649587477;1649588377;2;32;16;250;ro;105033.215169;900.061940;0
1649588437;1649589338;2;32;16;250;ro;104326.830379;901.555873;0
1649589399;1649591199;2;32;16;250;rw;12495.915771;1800.070722;6748735328
1649591259;1649593059;2;32;16;250;rw;12358.589092;1800.033761;6823473096
1649593119;1649594919;2;32;16;250;rw;12299.742740;1800.479256;6798216640
1649595165;1649596065;2;32;16;1000;ro;60937.403260;900.057766;3520
1649596125;1649597025;2;32;16;1000;ro;59348.074998;900.083263;0
1649597085;1649597986;2;32;16;1000;ro;61580.453951;900.977384;0
1649598046;1649599846;2;32;16;1000;rw;5168.938899;1800.075023;3538385096
1649599906;1649601706;2;32;16;1000;rw;5348.941480;1800.075276;3495667728
1649601767;1649603567;2;32;16;1000;rw;5427.613869;1800.267513;3360119816
1649603756;1649604656;8;2;16;50;ro;127669.407278;900.058721;1120
1649604716;1649605616;8;2;16;50;ro;126953.792077;900.031900;0
1649605676;1649606578;8;2;16;50;ro;126423.798576;901.798519;0
1649606638;1649608438;8;2;16;50;rw;20725.611230;1800.069733;9785018648
1649608498;1649610299;8;2;16;50;rw;19876.778419;1800.051012;9308403872
1649610359;1649612159;8;2;16;50;rw;19842.309913;1800.693011;9283126896
1649612271;1649613171;8;2;16;250;ro;105376.190394;900.047560;1112
1649613231;1649614131;8;2;16;250;ro;106205.890742;900.046320;0
1649614191;1649615093;8;2;16;250;ro;105588.664162;901.579732;0
1649615153;1649616953;8;2;16;250;rw;16647.198272;1800.072771;8058459272
1649617013;1649618813;8;2;16;250;rw;17012.045568;1800.054666;8013159496
1649618873;1649620674;8;2;16;250;rw;17073.016819;1800.620111;8026271120
1649620914;1649621814;8;2;16;1000;ro;49423.850675;900.066315;2008
1649621874;1649622774;8;2;16;1000;ro;50026.431113;900.076841;0
1649622834;1649623735;8;2;16;1000;ro;51840.110314;900.841362;0
1649623795;1649625595;8;2;16;1000;rw;7920.918781;1800.080307;4005779592
1649625655;1649627455;8;2;16;1000;rw;8657.798810;1800.050897;4098807264
1649627515;1649629316;8;2;16;1000;rw;8656.542895;1800.377198;4104424888
1649629505;1649630405;2;2;16;50;ro;124303.751251;900.061522;1072
1649630465;1649631365;2;2;16;50;ro;123957.873036;900.046036;232
1649631425;1649632327;2;2;16;50;ro;123090.980243;901.774762;0
1649632387;1649634187;2;2;16;50;rw;20400.007643;1800.031164;10949480136
1649634247;1649636047;2;2;16;50;rw;19698.481994;1800.077103;10249237816
1649636107;1649637908;2;2;16;50;rw;19491.974674;1800.693402;10174681176
1649638011;1649638911;2;2;16;250;ro;107196.283702;900.048397;1808
1649638971;1649639871;2;2;16;250;ro;106936.079394;900.047608;0
1649639931;1649640833;2;2;16;250;ro;106467.044889;901.583853;0
1649640893;1649642693;2;2;16;250;rw;16541.010988;1800.063069;8753485312
1649642753;1649644553;2;2;16;250;rw;16277.556088;1800.076048;8729209648
1649644613;1649646414;2;2;16;250;rw;16163.855095;1800.582437;8595985648
1649646656;1649647556;2;2;16;1000;ro;59613.736862;900.050934;1320
1649647616;1649648516;2;2;16;1000;ro;58716.640630;900.084558;0
1649648576;1649649477;2;2;16;1000;ro;58285.220249;900.931865;0
1649649537;1649651337;2;2;16;1000;rw;8728.253482;1800.089988;5566970592
1649651397;1649653197;2;2;16;1000;rw;9292.055909;1800.077684;5379214688
1649653257;1649655058;2;2;16;1000;rw;9395.788676;1800.407812;5199263496
1649655250;1649656150;16;1;16;50;ro;119454.986707;900.035486;344
1649656210;1649657110;16;1;16;50;ro;119263.358664;900.030869;0
1649657170;1649658072;16;1;16;50;ro;118650.515841;901.722159;0
1649658132;1649659932;16;1;16;50;rw;19621.323293;1800.054930;9362884632
1649659992;1649661792;16;1;16;50;rw;19302.440668;1800.062097;9141604944
1649661852;1649663653;16;1;16;50;rw;19277.374623;1800.670569;9124485712
1649663773;1649664673;16;1;16;250;ro;94570.705587;900.046083;840
1649664733;1649665633;16;1;16;250;ro;94899.576521;900.054614;0
1649665693;1649666594;16;1;16;250;ro;94529.330575;901.410873;0
1649666654;1649668454;16;1;16;250;rw;15088.817447;1800.064356;7337234224
1649668514;1649670315;16;1;16;250;rw;14953.458092;1800.059846;7168504448
1649670375;1649672175;16;1;16;250;rw;15063.257496;1800.559787;7161560832
1649672441;1649673342;16;1;16;1000;ro;34694.217817;900.060252;880
1649673402;1649674302;16;1;16;1000;ro;34856.144862;900.068178;0
1649674362;1649675262;16;1;16;1000;ro;34879.076643;900.610484;0
1649675322;1649677122;16;1;16;1000;rw;6143.776661;1800.057810;3070209216
1649677183;1649678983;16;1;16;1000;rw;6340.414120;1800.070643;3047002000
1649679043;1649680843;16;1;16;1000;rw;6200.104365;1800.295260;3090685440
1649681030;1649681930;16;4;16;50;ro;121262.324047;900.035041;976
1649681990;1649682890;16;4;16;50;ro;121738.100821;900.042200;0
1649682950;1649683852;16;4;16;50;ro;121605.809123;901.742305;0
1649683912;1649685712;16;4;16;50;rw;19920.803065;1800.069746;9336460504
1649685772;1649687572;16;4;16;50;rw;20009.616987;1800.047687;9308925408
1649687632;1649689433;16;4;16;50;rw;19989.233883;1800.705258;9294108400
1649689524;1649690424;16;4;16;250;ro;95271.607694;900.044986;3456
1649690484;1649691384;16;4;16;250;ro;95462.158329;900.051619;0
1649691444;1649692346;16;4;16;250;ro;94866.223725;901.508936;0
1649692406;1649694206;16;4;16;250;rw;15628.178650;1800.047204;7460940216
1649694266;1649696066;16;4;16;250;rw;15492.376852;1800.062300;7292464600
1649696126;1649697927;16;4;16;250;rw;15567.217396;1800.568732;7272398408
1649698135;1649699035;16;4;16;1000;ro;35065.181621;900.067710;3440
1649699095;1649699995;16;4;16;1000;ro;34941.860303;900.054898;0
1649700055;1649700956;16;4;16;1000;ro;35065.720817;900.612359;0
1649701016;1649702816;16;4;16;1000;rw;6324.452822;1800.063724;3100893904
1649702876;1649704676;16;4;16;1000;rw;6541.226659;1800.072243;3091470480
1649704736;1649706536;16;4;16;1000;rw;6377.433909;1800.302317;3125564152
1649706723;1649707624;16;8;16;50;ro;121684.196181;900.046286;4560
1649707684;1649708584;16;8;16;50;ro;123397.239228;900.036755;0
1649708644;1649709545;16;8;16;50;ro;121732.210671;901.751665;0
1649709605;1649711406;16;8;16;50;rw;19880.234654;1800.045094;9296068520
1649711466;1649713266;16;8;16;50;rw;19901.934760;1800.073218;9236539216
1649713326;1649715126;16;8;16;50;rw;19894.743954;1800.684305;9223106720
1649715218;1649716118;16;8;16;250;ro;96314.952051;900.052963;5960
1649716178;1649717078;16;8;16;250;ro;96785.663273;900.059259;0
1649717138;1649718039;16;8;16;250;ro;96981.027417;901.439048;0
1649718099;1649719899;16;8;16;250;rw;15362.457938;1800.074440;7314917552
1649719959;1649721760;16;8;16;250;rw;15354.115350;1800.060727;7206872624
1649721820;1649723620;16;8;16;250;rw;15451.859391;1800.562091;7197627376
1649723826;1649724726;16;8;16;1000;ro;34956.529715;900.067085;2592
1649724786;1649725686;16;8;16;1000;ro;34912.239590;900.050132;0
1649725746;1649726647;16;8;16;1000;ro;34916.487833;900.604565;0
1649726707;1649728507;16;8;16;1000;rw;5547.604173;1800.066114;2727116640
1649728567;1649730367;16;8;16;1000;rw;5803.617259;1800.066575;2726355392
1649730427;1649732227;16;8;16;1000;rw;5650.486111;1800.275190;2739884296
1649732414;1649733315;8;4;16;50;ro;125863.760320;900.052562;1536
1649733375;1649734275;8;4;16;50;ro;125198.972240;900.050053;0
1649734335;1649735236;8;4;16;50;ro;125761.359642;901.770389;0
1649735296;1649737097;8;4;16;50;rw;20755.108086;1800.046410;9740733752
1649737157;1649738957;8;4;16;50;rw;21084.893614;1800.047451;9819845968
1649739017;1649740817;8;4;16;50;rw;20951.229092;1800.723906;9744188784
1649740909;1649741810;8;4;16;250;ro;104877.791546;900.050303;2792
1649741870;1649742770;8;4;16;250;ro;104863.795359;900.061034;0
1649742830;1649743731;8;4;16;250;ro;102572.016498;901.526123;0
1649743791;1649745591;8;4;16;250;rw;17973.055294;1800.067465;8632499736
1649745651;1649747451;8;4;16;250;rw;18079.354994;1800.046461;8462614240
1649747511;1649749312;8;4;16;250;rw;18055.437972;1800.632167;8435738296
1649749523;1649750423;8;4;16;1000;ro;48895.774152;900.057087;3856
1649750483;1649751383;8;4;16;1000;ro;48897.836967;900.069740;0
1649751443;1649752344;8;4;16;1000;ro;49753.221124;900.806504;0
1649752404;1649754204;8;4;16;1000;rw;8098.690895;1800.074118;4066094248
1649754264;1649756064;8;4;16;1000;rw;8831.561658;1800.082759;4156114072
1649756124;1649757925;8;4;16;1000;rw;8835.389214;1800.382374;4166065784
1649758112;1649759012;8;16;16;50;ro;126931.288282;900.056666;13128
1649759072;1649759972;8;16;16;50;ro;126624.002649;900.031517;0
1649760032;1649760934;8;16;16;50;ro;125647.553929;901.794536;0
1649760994;1649762794;8;16;16;50;rw;19632.638231;1800.058120;9176706640
1649762854;1649764654;8;16;16;50;rw;19487.637564;1800.077550;9037229872
1649764714;1649766515;8;16;16;50;rw;19344.593076;1800.670673;8958607736
1649766607;1649767507;8;16;16;250;ro;104992.566824;900.046056;11920
1649767567;1649768467;8;16;16;250;ro;104557.580459;900.053051;0
1649768527;1649769429;8;16;16;250;ro;104802.451491;901.565689;0
1649769489;1649771289;8;16;16;250;rw;16432.468721;1800.067579;7873382080
1649771349;1649773149;8;16;16;250;rw;16718.570495;1800.102271;7793628648
1649773209;1649775010;8;16;16;250;rw;16659.719397;1800.596186;7750628416
1649775228;1649776128;8;16;16;1000;ro;49712.451272;900.046521;12240
1649776188;1649777088;8;16;16;1000;ro;50695.195012;900.062002;0
1649777148;1649778049;8;16;16;1000;ro;49904.697335;900.844299;0
1649778109;1649779910;8;16;16;1000;rw;5833.986537;1800.075456;2985765056
1649779970;1649781770;8;16;16;1000;rw;6432.258996;1800.066810;3015354608
1649781830;1649783630;8;16;16;1000;rw;6404.732114;1800.312896;3000516792
1649783821;1649784721;1;64;16;50;ro;122365.366383;900.058448;49624
1649784781;1649785682;1;64;16;50;ro;122316.224046;900.047286;232
1649785742;1649786643;1;64;16;50;ro;123017.541054;901.771253;0
1649786703;1649788504;1;64;16;50;rw;14137.831909;1800.075351;9858241376
1649788564;1649790364;1;64;16;50;rw;14131.514646;1800.058387;8526778432
1649790424;1649792224;1;64;16;50;rw;14159.321849;1800.532981;8324385280
1649792334;1649793234;1;64;16;250;ro;106215.785097;900.052436;37008
1649793294;1649794194;1;64;16;250;ro;106781.545047;900.061440;0
1649794254;1649795156;1;64;16;250;ro;106035.503749;901.585404;0
1649795216;1649797016;1;64;16;250;rw;12883.280719;1800.076900;7575436552
1649797076;1649798876;1;64;16;250;rw;12936.173052;1800.041113;6888762664
1649798936;1649800737;1;64;16;250;rw;12949.864631;1800.520663;6977851352
1649801023;1649801923;1;64;16;1000;ro;56058.932063;900.089783;10512
1649801983;1649802883;1;64;16;1000;ro;58578.558444;900.062278;0
1649802943;1649803844;1;64;16;1000;ro;59259.919932;900.946919;0
1649803904;1649805704;1;64;16;1000;rw;5187.382379;1800.069027;3841835984
1649805764;1649807564;1;64;16;1000;rw;5220.392774;1800.065908;4186319696
1649807624;1649809425;1;64;16;1000;rw;5124.240549;1800.274306;3828399000
1649809635;1649810535;8;64;16;50;ro;124553.676741;900.051577;37080
1649810595;1649811495;8;64;16;50;ro;125320.884693;900.043438;0
1649811555;1649812457;8;64;16;50;ro;124464.595182;901.775985;0
1649812517;1649814317;8;64;16;50;rw;14583.996237;1800.060244;6825601096
1649814377;1649816177;8;64;16;50;rw;14903.292787;1800.045305;6908222912
1649816237;1649818038;8;64;16;50;rw;14714.512939;1800.546300;6806106104
1649818129;1649819029;8;64;16;250;ro;103515.325085;900.048083;35232
1649819089;1649819990;8;64;16;250;ro;103934.222030;900.044415;0
1649820050;1649820951;8;64;16;250;ro;103498.497809;901.536497;0
1649821011;1649822811;8;64;16;250;rw;13170.600562;1800.061870;6308944144
1649822871;1649824671;8;64;16;250;rw;13160.930260;1800.059868;6168190512
1649824731;1649826532;8;64;16;250;rw;13120.169830;1800.501235;6101471896
1649826749;1649827649;8;64;16;1000;ro;48754.336009;900.057631;16568
1649827709;1649828609;8;64;16;1000;ro;51486.532413;900.066067;0
1649828669;1649829570;8;64;16;1000;ro;48093.530649;900.783594;0
1649829630;1649831430;8;64;16;1000;rw;5098.056979;1800.065568;2637019240
1649831490;1649833290;8;64;16;1000;rw;5611.000965;1800.093470;2629374944
1649833351;1649835151;8;64;16;1000;rw;5585.526129;1800.279477;2614525296
1649835338;1649836238;32;4;16;50;ro;123714.225918;900.056861;1184
1649836298;1649837198;32;4;16;50;ro;123243.237126;900.037996;0
1649837258;1649838160;32;4;16;50;ro;122878.173806;901.789357;0
1649838220;1649840020;32;4;16;50;rw;18920.962393;1800.068515;8865542944
1649840080;1649841880;32;4;16;50;rw;18915.838242;1800.065764;8791855992
1649841940;1649843741;32;4;16;50;rw;18914.028162;1800.654036;8781691504
1649843832;1649844732;32;4;16;250;ro;84838.006009;900.053238;4144
1649844792;1649845692;32;4;16;250;ro;84955.001333;900.041160;0
1649845752;1649846654;32;4;16;250;ro;84955.330193;901.264160;0
1649846714;1649848514;32;4;16;250;rw;12383.256220;1800.200001;5940630736
1649848574;1649850374;32;4;16;250;rw;12342.492675;1800.059857;5818040728
1649850434;1649852234;32;4;16;250;rw;12358.016275;1800.481912;5783856048
1649852454;1649853354;32;4;16;1000;ro;21108.165292;900.059152;1784
1649853414;1649854315;32;4;16;1000;ro;21182.280729;900.080292;0
1649854375;1649855275;32;4;16;1000;ro;21153.375987;900.413220;0
1649855335;1649857135;32;4;16;1000;rw;4736.674970;1800.064818;2377583768
1649857195;1649858995;32;4;16;1000;rw;4838.584351;1800.066621;2337832656
1649859055;1649860856;32;4;16;1000;rw;4855.354664;1800.264663;2313095576
1649861043;1649861943;16;16;16;50;ro;119257.839198;900.044170;10528
1649862003;1649862903;16;16;16;50;ro;119377.431633;900.040921;0
1649862963;1649863864;16;16;16;50;ro;119811.434072;901.713794;0
1649863925;1649865725;16;16;16;50;rw;18603.800147;1800.067781;8684551128
1649865785;1649867585;16;16;16;50;rw;18795.225006;1800.070568;8710858544
1649867645;1649869445;16;16;16;50;rw;18701.720135;1800.653916;8656291664
1649869538;1649870438;16;16;16;250;ro;94265.307067;900.058513;11856
1649870498;1649871398;16;16;16;250;ro;95079.674500;900.055301;0
1649871458;1649872359;16;16;16;250;ro;94795.220869;901.424343;0
1649872419;1649874219;16;16;16;250;rw;14511.668719;1800.078034;6905451800
1649874279;1649876080;16;16;16;250;rw;14472.529573;1800.049233;6786736496
1649876140;1649877940;16;16;16;250;rw;14477.814046;1800.545263;6734863984
1649878148;1649879048;16;16;16;1000;ro;34894.437408;900.045970;10568
1649879108;1649880008;16;16;16;1000;ro;35049.095478;900.064446;0
1649880068;1649880969;16;16;16;1000;ro;34899.599064;900.619443;0
1649881029;1649882829;16;16;16;1000;rw;4711.180525;1800.054543;2330992048
1649882889;1649884689;16;16;16;1000;rw;5101.770336;1800.080020;2391638696
1649884749;1649886550;16;16;16;1000;rw;5045.136728;1800.258444;2406236120
1649886737;1649887637;32;2;16;50;ro;124041.146850;900.053314;1400
1649887697;1649888597;32;2;16;50;ro;124143.961298;900.021866;0
1649888657;1649889559;32;2;16;50;ro;123198.108268;901.758168;0
1649889619;1649891419;32;2;16;50;rw;18804.358362;1800.069895;8865358552
1649891479;1649893279;32;2;16;50;rw;18108.632589;1800.049938;8468248208
1649893339;1649895139;32;2;16;50;rw;18013.955016;1800.642119;8414871952
1649895257;1649896157;32;2;16;250;ro;85130.784806;900.056513;1384
1649896217;1649897117;32;2;16;250;ro;85079.503417;900.051075;0
1649897177;1649898079;32;2;16;250;ro;84864.969156;901.276282;0
1649898139;1649899939;32;2;16;250;rw;11836.284838;1800.062092;5714868600
1649899999;1649901799;32;2;16;250;rw;11871.699671;1800.048146;5631143144
1649901859;1649903659;32;2;16;250;rw;11876.692595;1800.510991;5593836632
1649903927;1649904828;32;2;16;1000;ro;21086.513322;900.047719;936
1649904888;1649905788;32;2;16;1000;ro;21101.251237;900.054009;0
1649905848;1649906748;32;2;16;1000;ro;21114.679535;900.420075;0
1649906808;1649908608;32;2;16;1000;rw;4638.820449;1800.051828;2345327232
1649908668;1649910468;32;2;16;1000;rw;4758.261338;1800.084210;2310122032
1649910528;1649912329;32;2;16;1000;rw;4766.837712;1800.258103;2287166712
