run|epoch|ts|lsn|checkpoints_timed|checkpoints_req|checkpoint_write_time|checkpoint_sync_time|buffers_checkpoint|buffers_clean|maxwritten_clean|buffers_backend|buffers_backend_fsync|buffers_alloc|stats_reset
1|1652071802.933242|2022-05-09 06:50:02.933242+02|BE/A3017D78|22|18|13689525|7414|38656479|5968653|59551|1050170262|0|2945433075|2022-05-08 23:45:42.071858+02
1|1652071803.949746|2022-05-09 06:50:03.949746+02|BE/A6E94E30|22|18|13689525|7414|38656479|5969153|59556|1050170262|0|2945534957|2022-05-08 23:45:42.071858+02
2|1652071804.970493|2022-05-09 06:50:04.970493+02|BE/AA7F8FC8|22|18|13689525|7414|38656479|5969653|59561|1050170262|0|2945636804|2022-05-08 23:45:42.071858+02
3|1652071805.989798|2022-05-09 06:50:05.989798+02|BE/AEA41CB8|22|18|13689525|7414|38656479|5970153|59566|1050170262|0|2945756293|2022-05-08 23:45:42.071858+02
4|1652071807.008272|2022-05-09 06:50:07.008272+02|BE/B2BA30B0|22|18|13689525|7414|38656479|5970653|59571|1050170262|0|2945874828|2022-05-08 23:45:42.071858+02
5|1652071808.025775|2022-05-09 06:50:08.025775+02|BE/B697E9D0|22|18|13689525|7414|38656479|5971153|59576|1050170262|0|2945989018|2022-05-08 23:45:42.071858+02
6|1652071809.042872|2022-05-09 06:50:09.042872+02|BE/BA8D1E80|22|18|13689525|7414|38656479|5971653|59581|1050170262|0|2946099484|2022-05-08 23:45:42.071858+02
7|1652071810.061267|2022-05-09 06:50:10.061267+02|BE/BDF20C20|22|18|13689525|7414|38656479|5972153|59586|1050170262|0|2946198029|2022-05-08 23:45:42.071858+02
8|1652071811.079001|2022-05-09 06:50:11.079001+02|BE/C21587A0|22|18|13689525|7414|38656479|5972653|59591|1050170262|0|2946315423|2022-05-08 23:45:42.071858+02
9|1652071812.097862|2022-05-09 06:50:12.097862+02|BE/C64729F8|22|18|13689525|7414|38656479|5973153|59596|1050170262|0|2946436892|2022-05-08 23:45:42.071858+02
10|1652071813.116573|2022-05-09 06:50:13.116573+02|BE/CA502A10|22|18|13689525|7414|38656479|5973653|59601|1050170262|0|2946553035|2022-05-08 23:45:42.071858+02
11|1652071814.134870|2022-05-09 06:50:14.13487+02|BE/CE2C2768|22|18|13689525|7414|38656479|5974153|59606|1050170262|0|2946666806|2022-05-08 23:45:42.071858+02
12|1652071815.152404|2022-05-09 06:50:15.152404+02|BE/D1A579C8|22|18|13689525|7414|38656479|5974653|59611|1050170262|0|2946769027|2022-05-08 23:45:42.071858+02
13|1652071816.170818|2022-05-09 06:50:16.170818+02|BE/D5E76378|22|18|13689525|7414|38656479|5975153|59616|1050170262|0|2946885750|2022-05-08 23:45:42.071858+02
14|1652071817.189098|2022-05-09 06:50:17.189098+02|BE/DA29F6F0|22|18|13689525|7414|38656479|5975753|59622|1050170262|0|2947033634|2022-05-08 23:45:42.071858+02
15|1652071818.207528|2022-05-09 06:50:18.207528+02|BE/DDEFDC50|22|18|13689525|7414|38656479|5976253|59627|1054314268|0|2947142236|2022-05-08 23:45:42.071858+02
16|1652071819.226752|2022-05-09 06:50:19.226752+02|BE/E1E6FBA8|22|18|13689525|7414|38656479|5976753|59632|1054314268|0|2947256709|2022-05-08 23:45:42.071858+02
17|1652071820.244136|2022-05-09 06:50:20.244136+02|BE/E595C938|22|18|13689525|7414|38656479|5977253|59637|1054314268|0|2947363896|2022-05-08 23:45:42.071858+02
18|1652071821.262669|2022-05-09 06:50:21.262669+02|BE/E998C0C0|22|18|13689525|7414|38656479|5977753|59642|1054314268|0|2947479151|2022-05-08 23:45:42.071858+02
19|1652071822.281330|2022-05-09 06:50:22.28133+02|BE/EDE59828|22|18|13689525|7414|38656479|5978253|59647|1054314268|0|2947604234|2022-05-08 23:45:42.071858+02
20|1652071823.300154|2022-05-09 06:50:23.300154+02|BE/F200BFD0|22|18|13689525|7414|38656479|5978753|59652|1054314268|0|2947723145|2022-05-08 23:45:42.071858+02
21|1652071824.319177|2022-05-09 06:50:24.319177+02|BE/F6162B28|22|18|13689525|7414|38656479|5979253|59657|1054314268|0|2947841494|2022-05-08 23:45:42.071858+02
22|1652071825.337046|2022-05-09 06:50:25.337046+02|BE/F9BA56B8|22|18|13689525|7414|38656479|5979753|59662|1054314268|0|2947949139|2022-05-08 23:45:42.071858+02
23|1652071826.354335|2022-05-09 06:50:26.354335+02|BE/FDBA1EF8|22|18|13689525|7414|38656479|5980253|59667|1054314268|0|2948063412|2022-05-08 23:45:42.071858+02
24|1652071827.373160|2022-05-09 06:50:27.37316+02|BF/2161D28|22|18|13689525|7414|38656479|5980753|59672|1054314268|0|2948190639|2022-05-08 23:45:42.071858+02
25|1652071828.390919|2022-05-09 06:50:28.390919+02|BF/642A108|22|18|13689525|7414|38656479|5981253|59677|1054314268|0|2948312400|2022-05-08 23:45:42.071858+02
26|1652071829.409006|2022-05-09 06:50:29.409006+02|BF/A568350|22|18|13689525|7414|38656479|5981753|59682|1054314268|0|2948431167|2022-05-08 23:45:42.071858+02
27|1652071830.426893|2022-05-09 06:50:30.426893+02|BF/DF73448|22|18|13689525|7414|38656479|5982253|59687|1054314268|0|2948539529|2022-05-08 23:45:42.071858+02
28|1652071831.444257|2022-05-09 06:50:31.444257+02|BF/120CF8F8|22|18|13689525|7414|38656479|5982753|59692|1054314268|0|2948656372|2022-05-08 23:45:42.071858+02
29|1652071832.461431|2022-05-09 06:50:32.461431+02|BF/16692DC0|22|18|13689525|7414|38656479|5983253|59697|1054314268|0|2948785038|2022-05-08 23:45:42.071858+02
30|1652071833.479874|2022-05-09 06:50:33.479874+02|BF/1AAAA620|22|18|13689525|7414|38656479|5983753|59702|1054314268|0|2948909153|2022-05-08 23:45:42.071858+02
31|1652071834.498664|2022-05-09 06:50:34.498664+02|BF/1EBE1C30|22|18|13689525|7414|38656479|5984253|59707|1054314268|0|2949028421|2022-05-08 23:45:42.071858+02
32|1652071835.515679|2022-05-09 06:50:35.515679+02|BF/224A7450|22|18|13689525|7414|38656479|5984753|59712|1054314268|0|2949136034|2022-05-08 23:45:42.071858+02
33|1652071836.534310|2022-05-09 06:50:36.53431+02|BF/26682028|22|18|13689525|7414|38656479|5985253|59717|1054314268|0|2949252966|2022-05-08 23:45:42.071858+02
34|1652071837.552269|2022-05-09 06:50:37.552269+02|BF/2AC94300|22|18|13689525|7414|38656479|5985753|59722|1054314268|0|2949382123|2022-05-08 23:45:42.071858+02
35|1652071838.570644|2022-05-09 06:50:38.570644+02|BF/2F0CDD58|22|18|13689525|7414|38656479|5986253|59727|1054314268|0|2949507531|2022-05-08 23:45:42.071858+02
36|1652071839.588887|2022-05-09 06:50:39.588887+02|BF/33223090|22|18|13689525|7414|38656479|5986753|59732|1054314268|0|2949626562|2022-05-08 23:45:42.071858+02
37|1652071840.606183|2022-05-09 06:50:40.606183+02|BF/36BB24D8|22|18|13689525|7414|38656479|5987253|59737|1054314268|0|2949735658|2022-05-08 23:45:42.071858+02
38|1652071841.623301|2022-05-09 06:50:41.623301+02|BF/3AD2D7E0|22|18|13689525|7414|38656479|5987753|59742|1054314268|0|2949851967|2022-05-08 23:45:42.071858+02
39|1652071842.641700|2022-05-09 06:50:42.6417+02|BF/3F351A78|22|18|13689525|7414|38656479|5988253|59747|1054314268|0|2949981494|2022-05-08 23:45:42.071858+02
40|1652071843.660107|2022-05-09 06:50:43.660107+02|BF/436E6DF8|22|18|13689525|7414|38656479|5988753|59752|1054314268|0|2950105761|2022-05-08 23:45:42.071858+02
41|1652071844.677746|2022-05-09 06:50:44.677746+02|BF/476DA8E8|22|18|13689525|7414|38656479|5989253|59757|1054314268|0|2950225106|2022-05-08 23:45:42.071858+02
42|1652071845.695812|2022-05-09 06:50:45.695812+02|BF/4B67D060|22|18|13689525|7414|38656479|5989753|59762|1054314268|0|2950345133|2022-05-08 23:45:42.071858+02
43|1652071846.713591|2022-05-09 06:50:46.713591+02|BF/4F2A6860|22|18|13689525|7414|38656479|5990253|59767|1054314268|0|2950448373|2022-05-08 23:45:42.071858+02
44|1652071847.732976|2022-05-09 06:50:47.732976+02|BF/539362D0|22|18|13689525|7414|38656479|5990753|59772|1054314268|0|2950577265|2022-05-08 23:45:42.071858+02
45|1652071848.750746|2022-05-09 06:50:48.750746+02|BF/57DB5D78|22|18|13689525|7414|38656479|5991253|59777|1054314268|0|2950703503|2022-05-08 23:45:42.071858+02
46|1652071849.768026|2022-05-09 06:50:49.768026+02|BF/5BE54AB0|22|18|13689525|7414|38656479|5991853|59783|1054314268|0|2950848230|2022-05-08 23:45:42.071858+02
47|1652071850.784410|2022-05-09 06:50:50.78441+02|BF/5FE31930|22|18|13689525|7414|38656479|5992353|59788|1054314268|0|2950965013|2022-05-08 23:45:42.071858+02
48|1652071851.802312|2022-05-09 06:50:51.802312+02|BF/64623FB8|22|18|13689525|7414|38656479|5992853|59793|1054314268|0|2951069389|2022-05-08 23:45:42.071858+02
49|1652071852.820157|2022-05-09 06:50:52.820157+02|BF/69F0BE30|22|19|13689525|7414|38672894|5993353|59798|1057430852|0|2951194038|2022-05-08 23:45:42.071858+02
50|1652071853.839695|2022-05-09 06:50:53.839695+02|BF/6F588148|22|19|13689525|7414|38682969|5993853|59803|1057526473|0|2951315305|2022-05-08 23:45:42.071858+02
51|1652071854.858174|2022-05-09 06:50:54.858174+02|BF/746D0EA8|22|19|13689525|7414|38692317|5994353|59808|1057616561|0|2951430262|2022-05-08 23:45:42.071858+02
52|1652071855.876154|2022-05-09 06:50:55.876154+02|BF/79A0ED68|22|19|13689525|7414|38701553|5994853|59813|1057707939|0|2951546854|2022-05-08 23:45:42.071858+02
53|1652071856.893638|2022-05-09 06:50:56.893638+02|BF/7DC06EE8|22|19|13689525|7414|38709114|5995353|59818|1057783711|0|2951636085|2022-05-08 23:45:42.071858+02
54|1652071857.912355|2022-05-09 06:50:57.912355+02|BF/838F2210|22|19|13689525|7414|38719035|5995853|59823|1057885362|0|2951764024|2022-05-08 23:45:42.071858+02
55|1652071858.928919|2022-05-09 06:50:58.928919+02|BF/895561B0|22|19|13689525|7414|38728747|5996353|59828|1057986772|0|2951892764|2022-05-08 23:45:42.071858+02
56|1652071859.947361|2022-05-09 06:50:59.947361+02|BF/8EA78FF8|22|19|13689525|7414|38737403|5996853|59833|1058078918|0|2952010043|2022-05-08 23:45:42.071858+02
57|1652071860.964568|2022-05-09 06:51:00.964568+02|BF/941EFEE0|22|19|13689525|7414|38746250|5997353|59838|1058175289|0|2952130356|2022-05-08 23:45:42.071858+02
58|1652071861.983257|2022-05-09 06:51:01.983257+02|BF/98B2D888|22|19|13689525|7414|38753435|5997853|59843|1058255330|0|2952228213|2022-05-08 23:45:42.071858+02
59|1652071863.001584|2022-05-09 06:51:03.001584+02|BF/9E924B20|22|19|13689525|7414|38762425|5998353|59848|1058356095|0|2952357954|2022-05-08 23:45:42.071858+02
60|1652071864.020266|2022-05-09 06:51:04.020266+02|BF/A45BF6B0|22|19|13689525|7414|38771026|5998853|59853|1058455278|0|2952486154|2022-05-08 23:45:42.071858+02
61|1652071865.037024|2022-05-09 06:51:05.037024+02|BF/A9A12478|22|19|13689525|7414|38778819|5999353|59858|1058547795|0|2952605221|2022-05-08 23:45:42.071858+02
62|1652071866.054507|2022-05-09 06:51:06.054507+02|BF/AEFA7D68|22|19|13689525|7414|38786329|5999853|59863|1058637766|0|2952719044|2022-05-08 23:45:42.071858+02
63|1652071867.072742|2022-05-09 06:51:07.072742+02|BF/B3683450|22|19|13689525|7414|38792545|6000353|59868|1058713252|0|2952818509|2022-05-08 23:45:42.071858+02
64|1652071868.090342|2022-05-09 06:51:08.090342+02|BF/B9438248|22|19|13689525|7414|38800552|6000853|59873|1058811712|0|2952943330|2022-05-08 23:45:42.071858+02
65|1652071869.107950|2022-05-09 06:51:09.10795+02|BF/BF1A1570|22|19|13689525|7414|38808243|6001353|59878|1058910189|0|2953073456|2022-05-08 23:45:42.071858+02
66|1652071870.126520|2022-05-09 06:51:10.12652+02|BF/C47748B0|22|19|13689525|7414|38815185|6001853|59883|1058999719|0|2953191725|2022-05-08 23:45:42.071858+02
67|1652071871.144007|2022-05-09 06:51:11.144007+02|BF/C9E3A4C0|22|19|13689525|7414|38822765|6002353|59888|1059100407|0|2953311169|2022-05-08 23:45:42.071858+02
68|1652071872.160382|2022-05-09 06:51:12.160382+02|BF/CF1002F0|22|19|13689525|7414|38829328|6002853|59893|1059191384|0|2953433044|2022-05-08 23:45:42.071858+02
69|1652071873.177950|2022-05-09 06:51:13.17795+02|BF/D3F37498|22|19|13689525|7414|38835235|6003353|59898|1059276762|0|2953535748|2022-05-08 23:45:42.071858+02
70|1652071874.196309|2022-05-09 06:51:14.196309+02|BF/D9B943F8|22|19|13689525|7414|38841872|6003853|59903|1059374557|0|2953666842|2022-05-08 23:45:42.071858+02
71|1652071875.214636|2022-05-09 06:51:15.214636+02|BF/DF33A158|22|19|13689525|7414|38847989|6004353|59908|1059467250|0|2953790303|2022-05-08 23:45:42.071858+02
72|1652071876.233086|2022-05-09 06:51:16.233086+02|BF/E464DFE8|22|19|13689525|7414|38854208|6004953|59914|1059565391|0|2953932728|2022-05-08 23:45:42.071858+02
73|1652071877.249874|2022-05-09 06:51:17.249874+02|BF/E9A9C7E0|22|19|13689525|7414|38859789|6005453|59919|1059655602|0|2954051950|2022-05-08 23:45:42.071858+02
74|1652071878.268062|2022-05-09 06:51:18.268062+02|BF/EE1F2200|22|19|13689525|7414|38864238|6005953|59924|1059729353|0|2954150652|2022-05-08 23:45:42.071858+02
75|1652071879.286022|2022-05-09 06:51:19.286022+02|BF/F3CC62B8|22|19|13689525|7414|38870415|6006453|59929|1059835177|0|2954279633|2022-05-08 23:45:42.071858+02
76|1652071880.304703|2022-05-09 06:51:20.304703+02|BF/F96AB740|22|19|13689525|7414|38875744|6006953|59934|1059928614|0|2954407286|2022-05-08 23:45:42.071858+02
77|1652071881.320951|2022-05-09 06:51:21.320951+02|BF/FE896570|22|19|13689525|7414|38881107|6007453|59939|1060025438|0|2954523962|2022-05-08 23:45:42.071858+02
78|1652071882.336653|2022-05-09 06:51:22.336653+02|C0/3A0F130|22|19|13689525|7414|38885677|6007953|59944|1060111609|0|2954641022|2022-05-08 23:45:42.071858+02
79|1652071883.353937|2022-05-09 06:51:23.353937+02|C0/7F761C8|22|19|13689525|7414|38889719|6008453|59949|1060189735|0|2954734714|2022-05-08 23:45:42.071858+02
80|1652071884.371668|2022-05-09 06:51:24.371668+02|C0/DA2C9C0|22|19|13689525|7414|38894332|6008953|59954|1060282248|0|2954864053|2022-05-08 23:45:42.071858+02
81|1652071885.389972|2022-05-09 06:51:25.389972+02|C0/13468700|22|19|13689525|7414|38899198|6009453|59959|1060383983|0|2954992600|2022-05-08 23:45:42.071858+02
82|1652071886.407686|2022-05-09 06:51:26.407686+02|C0/18857EA8|22|19|13689525|7414|38903167|6009953|59964|1060468450|0|2955111875|2022-05-08 23:45:42.071858+02
83|1652071887.426492|2022-05-09 06:51:27.426492+02|C0/1E097AF0|22|19|13689525|7414|38907501|6010453|59969|1060566756|0|2955236981|2022-05-08 23:45:42.071858+02
84|1652071888.444267|2022-05-09 06:51:28.444267+02|C0/229F7D20|22|19|13689525|7414|38911205|6010953|59974|1060652622|0|2955339930|2022-05-08 23:45:42.071858+02
85|1652071889.461945|2022-05-09 06:51:29.461945+02|C0/286AA3A8|22|19|13689525|7414|38915005|6011453|59979|1060745781|0|2955472942|2022-05-08 23:45:42.071858+02
86|1652071890.480264|2022-05-09 06:51:30.480264+02|C0/2E2EE9B0|22|19|13689525|7414|38918931|6011953|59984|1060847994|0|2955604712|2022-05-08 23:45:42.071858+02
87|1652071891.498764|2022-05-09 06:51:31.498764+02|C0/339E4298|22|19|13689525|7414|38922441|6012453|59989|1060944851|0|2955728985|2022-05-08 23:45:42.071858+02
88|1652071892.515982|2022-05-09 06:51:32.515982+02|C0/38C3B2E0|22|19|13689525|7414|38925330|6012953|59994|1061028447|0|2955850639|2022-05-08 23:45:42.071858+02
89|1652071893.534839|2022-05-09 06:51:33.534839+02|C0/3D8AEE50|22|19|13689525|7414|38928224|6013453|59999|1061116350|0|2955956651|2022-05-08 23:45:42.071858+02
90|1652071894.552006|2022-05-09 06:51:34.552006+02|C0/4350A800|22|19|13689525|7414|38931023|6013953|60004|1061207899|0|2956089611|2022-05-08 23:45:42.071858+02
91|1652071895.570347|2022-05-09 06:51:35.570347+02|C0/4917B050|22|19|13689525|7414|38933924|6014453|60009|1061309091|0|2956222204|2022-05-08 23:45:42.071858+02
92|1652071896.587893|2022-05-09 06:51:36.587893+02|C0/4EAD2938|22|19|13689525|7414|38936492|6014953|60014|1061407175|0|2956351302|2022-05-08 23:45:42.071858+02
93|1652071897.605064|2022-05-09 06:51:37.605064+02|C0/53FC8730|22|19|13689525|7414|38938781|6015453|60019|1061500510|0|2956475745|2022-05-08 23:45:42.071858+02
94|1652071898.620102|2022-05-09 06:51:38.620102+02|C0/59093BB8|22|19|13689525|7414|38940734|6015953|60024|1061583274|0|2956598135|2022-05-08 23:45:42.071858+02
95|1652071899.637461|2022-05-09 06:51:39.637461+02|C0/5DF222E0|22|19|13689525|7414|38942465|6016453|60029|1061665657|0|2956700364|2022-05-08 23:45:42.071858+02
96|1652071900.655708|2022-05-09 06:51:40.655708+02|C0/63C103D0|22|19|13689525|7414|38944443|6017053|60035|1061766202|0|2956860999|2022-05-08 23:45:42.071858+02
97|1652071901.673854|2022-05-09 06:51:41.673854+02|C0/696AA0D0|22|19|13689525|7414|38946089|6017553|60040|1061864518|0|2956991624|2022-05-08 23:45:42.071858+02
98|1652071902.692209|2022-05-09 06:51:42.692209+02|C0/6F1B9288|22|19|13689525|7414|38947558|6018053|60045|1061958833|0|2957117972|2022-05-08 23:45:42.071858+02
99|1652071903.709256|2022-05-09 06:51:43.709256+02|C0/74D5CB10|22|19|13689525|7414|38948862|6018553|60050|1062053289|0|2957244060|2022-05-08 23:45:42.071858+02
100|1652071904.726611|2022-05-09 06:51:44.726611+02|C0/79B59248|22|19|13689525|7414|38949773|6019053|60055|1062132404|0|2957348915|2022-05-08 23:45:42.071858+02
101|1652071905.744629|2022-05-09 06:51:45.744629+02|C0/7FC4C828|22|19|13689525|7414|38950760|6019553|60060|1062230926|0|2957482293|2022-05-08 23:45:42.071858+02
102|1652071906.763241|2022-05-09 06:51:46.763241+02|C0/85D4CB80|22|19|13689525|7414|38951488|6020053|60065|1062329021|0|2957615859|2022-05-08 23:45:42.071858+02
103|1652071907.781000|2022-05-09 06:51:47.781+02|C0/8B800BC0|22|19|13689525|7414|38952002|6020553|60070|1062420960|0|2957741325|2022-05-08 23:45:42.071858+02
104|1652071908.798041|2022-05-09 06:51:48.798041+02|C0/91471F28|22|19|13689525|7414|38952325|6021053|60075|1062514577|0|2957866330|2022-05-08 23:45:42.071858+02
105|1652071909.815459|2022-05-09 06:51:49.815459+02|C0/9601A0E8|22|19|13689525|7414|38952508|6021553|60080|1062599384|0|2957967477|2022-05-08 23:45:42.071858+02
106|1652071910.832978|2022-05-09 06:51:50.832978+02|C0/9C0CA0B0|22|19|13689525|7414|38952749|6022053|60085|1062707303|0|2958100671|2022-05-08 23:45:42.071858+02
107|1652071911.850930|2022-05-09 06:51:51.85093+02|C0/A20C9FC8|22|19|13689525|7414|38952989|6022553|60090|1062814232|0|2958233118|2022-05-08 23:45:42.071858+02
108|1652071912.868403|2022-05-09 06:51:52.868403+02|C0/A7A897A8|22|19|13689525|7414|38953201|6023053|60095|1062914379|0|2958356291|2022-05-08 23:45:42.071858+02
109|1652071913.885602|2022-05-09 06:51:53.885602+02|C0/AD637A00|22|19|13689525|7414|38953377|6023553|60100|1063017239|0|2958483147|2022-05-08 23:45:42.071858+02
110|1652071914.903988|2022-05-09 06:51:54.903988+02|C0/B2150BD8|22|19|13689525|7414|38953531|6024053|60105|1063099918|0|2958587093|2022-05-08 23:45:42.071858+02
111|1652071915.921662|2022-05-09 06:51:55.921662+02|C0/B8160700|22|19|13689525|7414|38953743|6024553|60110|1063207288|0|2958715419|2022-05-08 23:45:42.071858+02
112|1652071916.939913|2022-05-09 06:51:56.939913+02|C0/BDFAA610|22|19|13689525|7414|38953920|6025053|60115|1063313207|0|2958847831|2022-05-08 23:45:42.071858+02
113|1652071917.958486|2022-05-09 06:51:57.958486+02|C0/C3A48068|22|19|13689525|7414|38954080|6025553|60120|1063413674|0|2958969970|2022-05-08 23:45:42.071858+02
114|1652071918.976584|2022-05-09 06:51:58.976584+02|C0/C9462A78|22|19|13689525|7414|38954243|6026053|60125|1063513409|0|2959097121|2022-05-08 23:45:42.071858+02
115|1652071919.993731|2022-05-09 06:51:59.993731+02|C0/CE7E1600|22|19|13689525|7414|38954411|6026553|60130|1063608444|0|2959213424|2022-05-08 23:45:42.071858+02
116|1652071921.011778|2022-05-09 06:52:01.011778+02|C0/D403EFC0|22|19|13689525|7414|38954550|6027053|60135|1063706323|0|2959328314|2022-05-08 23:45:42.071858+02
117|1652071922.029988|2022-05-09 06:52:02.029988+02|C0/DA078E30|22|19|13689525|7414|38954696|6027553|60140|1063813294|0|2959461603|2022-05-08 23:45:42.071858+02
118|1652071923.048158|2022-05-09 06:52:03.048158+02|C0/DFA47958|22|19|13689525|7414|38954796|6028153|60146|1063913120|0|2959611616|2022-05-08 23:45:42.071858+02
119|1652071924.066480|2022-05-09 06:52:04.06648+02|C0/E55BF068|22|19|13689525|7414|38954935|6028653|60151|1064015234|0|2959738289|2022-05-08 23:45:42.071858+02
120|1652071925.083269|2022-05-09 06:52:05.083269+02|C0/EAB60078|22|19|13689525|7414|38955045|6029153|60156|1064111114|0|2959856444|2022-05-08 23:45:42.071858+02
121|1652071926.100246|2022-05-09 06:52:06.100246+02|C0/EFFFEFD0|22|19|13689525|7414|38955146|6029653|60161|1064204319|0|2959971060|2022-05-08 23:45:42.071858+02
122|1652071927.118414|2022-05-09 06:52:07.118414+02|C0/F6011C90|22|19|13689525|7414|38955296|6030153|60166|1064311361|0|2960104460|2022-05-08 23:45:42.071858+02
123|1652071928.134890|2022-05-09 06:52:08.13489+02|C0/FBAD6608|22|19|13689525|7414|38955407|6030653|60171|1064413475|0|2960231284|2022-05-08 23:45:42.071858+02
124|1652071929.153087|2022-05-09 06:52:09.153087+02|C1/14E5BE8|22|19|13689525|7414|38955497|6031153|60176|1064512652|0|2960354137|2022-05-08 23:45:42.071858+02
125|1652071930.169929|2022-05-09 06:52:10.169929+02|C1/6C7AEB0|22|19|13689525|7414|38955586|6031653|60181|1064612600|0|2960478723|2022-05-08 23:45:42.071858+02
126|1652071931.189535|2022-05-09 06:52:11.189535+02|C1/BC19310|22|19|13689525|7414|38955649|6032153|60186|1064698355|0|2960582801|2022-05-08 23:45:42.071858+02
127|1652071932.208465|2022-05-09 06:52:12.208465+02|C1/11B68000|22|19|13689525|7414|38955753|6032653|60191|1064804756|0|2960715829|2022-05-08 23:45:42.071858+02
128|1652071933.228785|2022-05-09 06:52:13.228785+02|C1/176DDC58|22|19|13689525|7414|38955839|6033153|60196|1064906763|0|2960842178|2022-05-08 23:45:42.071858+02
129|1652071934.247178|2022-05-09 06:52:14.247178+02|C1/1D0C85E0|22|19|13689525|7414|38955910|6033653|60201|1065008260|0|2960968151|2022-05-08 23:45:42.071858+02
130|1652071935.265269|2022-05-09 06:52:15.265269+02|C1/22AB03D8|22|19|13689525|7414|38955974|6034153|60206|1065107354|0|2961091007|2022-05-08 23:45:42.071858+02
131|1652071936.283818|2022-05-09 06:52:16.283818+02|C1/277DE0D8|22|19|13689525|7414|38956025|6034653|60211|1065192458|0|2961194901|2022-05-08 23:45:42.071858+02
132|1652071937.302256|2022-05-09 06:52:17.302256+02|C1/2D6EC1B0|22|19|13689525|7414|38956077|6035153|60216|1065298729|0|2961327781|2022-05-08 23:45:42.071858+02
133|1652071938.319245|2022-05-09 06:52:18.319245+02|C1/33231188|22|19|13689525|7414|38956136|6035653|60221|1065403198|0|2961458135|2022-05-08 23:45:42.071858+02
134|1652071939.336440|2022-05-09 06:52:19.33644+02|C1/38C83C60|22|19|13689525|7414|38956182|6036153|60226|1065512277|0|2961580472|2022-05-08 23:45:42.071858+02
135|1652071940.353483|2022-05-09 06:52:20.353483+02|C1/3E5892C0|22|19|13689525|7414|38956229|6036653|60231|1065611769|0|2961706420|2022-05-08 23:45:42.071858+02
136|1652071941.371511|2022-05-09 06:52:21.371511+02|C1/4323CCA0|22|19|13689525|7414|38956254|6037153|60236|1065696448|0|2961812509|2022-05-08 23:45:42.071858+02
137|1652071942.389403|2022-05-09 06:52:22.389403+02|C1/4914E190|22|19|13689525|7414|38956288|6037653|60241|1065803293|0|2961941366|2022-05-08 23:45:42.071858+02
138|1652071943.406887|2022-05-09 06:52:23.406887+02|C1/4EE18E40|22|19|13689525|7414|38956326|6038253|60247|1065907325|0|2962098176|2022-05-08 23:45:42.071858+02
139|1652071944.425637|2022-05-09 06:52:24.425637+02|C1/54679FE0|22|19|13689525|7414|38956349|6038753|60252|1066006140|0|2962221179|2022-05-08 23:45:42.071858+02
140|1652071945.444551|2022-05-09 06:52:25.444551+02|C1/5A10A068|22|19|13689525|7414|38956365|6039253|60257|1066107200|0|2962347131|2022-05-08 23:45:42.071858+02
141|1652071946.461079|2022-05-09 06:52:26.461079+02|C1/5EEB94B8|22|19|13689525|7414|38956378|6039753|60262|1066195127|0|2962454510|2022-05-08 23:45:42.071858+02
142|1652071947.478831|2022-05-09 06:52:27.478831+02|C1/64B21530|22|19|13689525|7414|38956392|6040253|60267|1066297584|0|2962582423|2022-05-08 23:45:42.071858+02
143|1652071948.496623|2022-05-09 06:52:28.496623+02|C1/6A7DB6E8|22|19|13689525|7414|38956404|6040753|60272|1066402450|0|2962713171|2022-05-08 23:45:42.071858+02
144|1652071949.514132|2022-05-09 06:52:29.514132+02|C1/70186430|22|19|13689525|7414|38956419|6041253|60277|1066501887|0|2962837226|2022-05-08 23:45:42.071858+02
145|1652071950.533734|2022-05-09 06:52:30.533734+02|C1/758E77C0|22|19|13689525|7414|38956437|6041753|60282|1066601217|0|2962960683|2022-05-08 23:45:42.071858+02
146|1652071951.551565|2022-05-09 06:52:31.551565+02|C1/7ACF58A0|22|19|13689525|7414|38956445|6042253|60287|1066697323|0|2963079655|2022-05-08 23:45:42.071858+02
147|1652071952.570061|2022-05-09 06:52:32.570061+02|C1/80284580|22|19|13689525|7414|38956454|6042753|60292|1066792368|0|2963194625|2022-05-08 23:45:42.071858+02
148|1652071953.588301|2022-05-09 06:52:33.588301+02|C1/861447C8|22|19|13689525|7414|38956462|6043253|60297|1066898814|0|2963327885|2022-05-08 23:45:42.071858+02
149|1652071954.606357|2022-05-09 06:52:34.606357+02|C1/8B92DFC8|22|19|13689525|7414|38956476|6043753|60302|1067008566|0|2963452973|2022-05-08 23:45:42.071858+02
150|1652071955.624463|2022-05-09 06:52:35.624463+02|C1/91391F30|22|19|13689525|7414|38956482|6044253|60307|1067110507|0|2963578052|2022-05-08 23:45:42.071858+02
151|1652071956.642069|2022-05-09 06:52:36.642069+02|C1/9664F6F8|22|19|13689525|7414|38956491|6044753|60312|1067203825|0|2963697804|2022-05-08 23:45:42.071858+02
152|1652071957.660174|2022-05-09 06:52:37.660174+02|C1/9B967570|22|19|13689525|7414|38956503|6045253|60317|1067296902|0|2963808507|2022-05-08 23:45:42.071858+02
153|1652071958.677989|2022-05-09 06:52:38.677989+02|C1/A17E7538|22|19|13689525|7414|38956515|6045753|60322|1067403825|0|2963941091|2022-05-08 23:45:42.071858+02
154|1652071959.695872|2022-05-09 06:52:39.695872+02|C1/A71C5F38|22|19|13689525|7414|38956523|6046253|60327|1067505370|0|2964067363|2022-05-08 23:45:42.071858+02
155|1652071960.713693|2022-05-09 06:52:40.713693+02|C1/ACA475A8|22|19|13689525|7414|38956530|6046753|60332|1067605166|0|2964191992|2022-05-08 23:45:42.071858+02
156|1652071961.731612|2022-05-09 06:52:41.731612+02|C1/B21F5F50|22|19|13689525|7414|38956535|6047253|60337|1067703946|0|2964314272|2022-05-08 23:45:42.071858+02
157|1652071962.750364|2022-05-09 06:52:42.750364+02|C1/B70F92E0|22|19|13689525|7414|38956538|6047753|60342|1067792606|0|2964422842|2022-05-08 23:45:42.071858+02
158|1652071963.768355|2022-05-09 06:52:43.768355+02|C1/BCF73930|22|19|13689525|7414|38956541|6048353|60348|1067899482|0|2964583139|2022-05-08 23:45:42.071858+02
159|1652071964.786306|2022-05-09 06:52:44.786306+02|C1/C290C260|22|19|13689525|7414|38956545|6048853|60353|1068000802|0|2964708992|2022-05-08 23:45:42.071858+02
160|1652071965.803638|2022-05-09 06:52:45.803638+02|C1/C8206978|22|19|13689525|7414|38956547|6049353|60358|1068102486|0|2964835006|2022-05-08 23:45:42.071858+02
161|1652071966.821508|2022-05-09 06:52:46.821508+02|C1/CDACFC28|22|19|13689525|7414|38956548|6049853|60363|1068201791|0|2964958824|2022-05-08 23:45:42.071858+02
162|1652071967.839608|2022-05-09 06:52:47.839608+02|C1/D2849DA0|22|19|13689525|7414|38956550|6050353|60368|1068288664|0|2965065176|2022-05-08 23:45:42.071858+02
163|1652071968.858310|2022-05-09 06:52:48.85831+02|C1/D85DF050|22|19|13689525|7414|38956554|6050853|60373|1068405634|0|2965197627|2022-05-08 23:45:42.071858+02
164|1652071969.875471|2022-05-09 06:52:49.875471+02|C1/DE0D07C8|22|19|13689525|7414|38956556|6051353|60378|1068509427|0|2965327594|2022-05-08 23:45:42.071858+02
165|1652071970.892958|2022-05-09 06:52:50.892958+02|C1/E2F1B698|22|19|13689525|7414|38956559|6051853|60383|1068598228|0|2965437370|2022-05-08 23:45:42.071858+02
166|1652071971.910665|2022-05-09 06:52:51.910665+02|C1/E83748B0|22|19|13689525|7414|38956560|6052353|60388|1068693164|0|2965553444|2022-05-08 23:45:42.071858+02
167|1652071972.929171|2022-05-09 06:52:52.929171+02|C1/EE11ED00|22|19|13689525|7414|38956563|6052853|60393|1068799034|0|2965685931|2022-05-08 23:45:42.071858+02
168|1652071973.946140|2022-05-09 06:52:53.94614+02|C1/F3E37278|22|19|13689525|7414|38956566|6053353|60398|1068905431|0|2965818669|2022-05-08 23:45:42.071858+02
169|1652071974.963944|2022-05-09 06:52:54.963944+02|C1/F960A6B8|22|19|13689525|7414|38956567|6053853|60403|1069004666|0|2965941930|2022-05-08 23:45:42.071858+02
170|1652071975.980610|2022-05-09 06:52:55.98061+02|C1/FEC0B350|22|19|13689525|7414|38956572|6054353|60408|1069103509|0|2966064741|2022-05-08 23:45:42.071858+02
171|1652071976.997699|2022-05-09 06:52:56.997699+02|C2/415FC30|22|19|13689525|7414|38956572|6054853|60413|1069200356|0|2966187254|2022-05-08 23:45:42.071858+02
172|1652071978.015397|2022-05-09 06:52:58.015397+02|C2/995FEB8|22|19|13689525|7414|38956573|6055353|60418|1069298653|0|2966307306|2022-05-08 23:45:42.071858+02
173|1652071979.032362|2022-05-09 06:52:59.032362+02|C2/F1C11A8|22|19|13689525|7414|38956574|6055853|60423|1069399564|0|2966433129|2022-05-08 23:45:42.071858+02
174|1652071980.048137|2022-05-09 06:53:00.048137+02|C2/148EB700|22|19|13689525|7414|38956575|6056353|60428|1069499944|0|2966558121|2022-05-08 23:45:42.071858+02
175|1652071981.065140|2022-05-09 06:53:01.06514+02|C2/1A022CB8|22|19|13689525|7414|38956576|6056853|60433|1069597187|0|2966678842|2022-05-08 23:45:42.071858+02
176|1652071982.083107|2022-05-09 06:53:02.083107+02|C2/1F6BEDE0|22|19|13689525|7414|38956576|6057353|60438|1069705920|0|2966803218|2022-05-08 23:45:42.071858+02
177|1652071983.098132|2022-05-09 06:53:03.098132+02|C2/24B86BF8|22|19|13689525|7414|38956577|6057853|60443|1069803047|0|2966927952|2022-05-08 23:45:42.071858+02
178|1652071984.115244|2022-05-09 06:53:04.115244+02|C2/2A29E438|22|19|13689525|7414|38956578|6058353|60448|1069900858|0|2967048568|2022-05-08 23:45:42.071858+02
179|1652071985.133105|2022-05-09 06:53:05.133105+02|C2/2FA01250|22|19|13689525|7414|38956579|6058853|60453|1070001264|0|2967173488|2022-05-08 23:45:42.071858+02
180|1652071986.151122|2022-05-09 06:53:06.151122+02|C2/35251638|22|19|13689525|7414|38956581|6059353|60458|1070101424|0|2967295834|2022-05-08 23:45:42.071858+02
181|1652071987.167971|2022-05-09 06:53:07.167971+02|C2/3A740330|22|19|13689525|7414|38956581|6059953|60464|1070199402|0|2967442733|2022-05-08 23:45:42.071858+02
182|1652071988.185532|2022-05-09 06:53:08.185532+02|C2/3FE41928|22|19|13689525|7414|38956581|6060453|60469|1070296859|0|2967565455|2022-05-08 23:45:42.071858+02
183|1652071989.203509|2022-05-09 06:53:09.203509+02|C2/454974A8|22|19|13689525|7414|38956582|6060953|60474|1070394871|0|2967687471|2022-05-08 23:45:42.071858+02
184|1652071990.226747|2022-05-09 06:53:10.226747+02|C2/4A9AC378|22|19|13689525|7414|38956582|6061453|60479|1070491184|0|2967807510|2022-05-08 23:45:42.071858+02
185|1652071991.245437|2022-05-09 06:53:11.245437+02|C2/504BEEC8|22|19|13689525|7414|38956582|6061953|60484|1070595579|0|2967937491|2022-05-08 23:45:42.071858+02
186|1652071992.263717|2022-05-09 06:53:12.263717+02|C2/55B4F4B8|22|19|13689525|7414|38956582|6062453|60489|1070693937|0|2968060038|2022-05-08 23:45:42.071858+02
187|1652071993.282051|2022-05-09 06:53:13.282051+02|C2/5B2E2650|22|19|13689525|7414|38956582|6062953|60494|1070793846|0|2968184419|2022-05-08 23:45:42.071858+02
188|1652071994.299151|2022-05-09 06:53:14.299151+02|C2/60779E20|22|19|13689525|7414|38956582|6063453|60499|1070901197|0|2968306978|2022-05-08 23:45:42.071858+02
189|1652071995.317365|2022-05-09 06:53:15.317365+02|C2/657A0958|22|19|13689525|7414|38956582|6063953|60504|1070991983|0|2968417175|2022-05-08 23:45:42.071858+02
190|1652071996.337856|2022-05-09 06:53:16.337856+02|C2/6B495B60|22|19|13689525|7414|38956582|6064453|60509|1071098869|0|2968550459|2022-05-08 23:45:42.071858+02
191|1652071997.355205|2022-05-09 06:53:17.355205+02|C2/70CAE990|22|19|13689525|7414|38956582|6064953|60514|1071199537|0|2968676327|2022-05-08 23:45:42.071858+02
192|1652071998.373174|2022-05-09 06:53:18.373174+02|C2/761072E8|22|19|13689525|7414|38956582|6065453|60519|1071295803|0|2968797843|2022-05-08 23:45:42.071858+02
193|1652071999.391458|2022-05-09 06:53:19.391458+02|C2/7B75DCF0|22|19|13689525|7414|38956582|6065953|60524|1071394279|0|2968918862|2022-05-08 23:45:42.071858+02
194|1652072000.409492|2022-05-09 06:53:20.409492+02|C2/8049E3D8|22|19|13689525|7414|38956582|6066453|60529|1071483947|0|2969033736|2022-05-08 23:45:42.071858+02
195|1652072001.427758|2022-05-09 06:53:21.427758+02|C2/85F80180|22|19|13689525|7414|38956583|6066953|60534|1071586224|0|2969157776|2022-05-08 23:45:42.071858+02
196|1652072002.446561|2022-05-09 06:53:22.446561+02|C2/8B95D048|22|19|13689525|7414|38956583|6067453|60539|1071689436|0|2969286218|2022-05-08 23:45:42.071858+02
197|1652072003.464631|2022-05-09 06:53:23.464631+02|C2/90E710D0|22|19|13689525|7414|38956584|6067953|60544|1071787622|0|2969411456|2022-05-08 23:45:42.071858+02
198|1652072004.482379|2022-05-09 06:53:24.482379+02|C2/96432C20|22|19|13689525|7414|38956584|6068453|60549|1071885099|0|2969529519|2022-05-08 23:45:42.071858+02
199|1652072005.499154|2022-05-09 06:53:25.499154+02|C2/9B298100|22|19|13689525|7414|38956584|6068953|60554|1071978232|0|2969649600|2022-05-08 23:45:42.071858+02
200|1652072006.516742|2022-05-09 06:53:26.516742+02|C2/A0BBD6B0|22|19|13689525|7414|38956584|6069553|60560|1072087727|0|2969795452|2022-05-08 23:45:42.071858+02
201|1652072007.533699|2022-05-09 06:53:27.533699+02|C2/A65DB738|22|19|13689525|7414|38956584|6070053|60565|1072191693|0|2969926016|2022-05-08 23:45:42.071858+02
202|1652072008.551167|2022-05-09 06:53:28.551167+02|C2/ABDBAC48|22|19|13689525|7414|38956584|6070553|60570|1072292275|0|2970051306|2022-05-08 23:45:42.071858+02
203|1652072009.566514|2022-05-09 06:53:29.566514+02|C2/B0FC1240|22|19|13689525|7414|38956584|6071053|60575|1072388979|0|2970172593|2022-05-08 23:45:42.071858+02
204|1652072010.583702|2022-05-09 06:53:30.583702+02|C2/B64D5990|22|19|13689525|7414|38956584|6071553|60580|1072485468|0|2970292399|2022-05-08 23:45:42.071858+02
205|1652072011.602077|2022-05-09 06:53:31.602077+02|C2/BB6FCD88|22|19|13689525|7414|38956584|6072053|60585|1072578601|0|2970408077|2022-05-08 23:45:42.071858+02
206|1652072012.619650|2022-05-09 06:53:32.61965+02|C2/C1324F48|22|19|13689525|7414|38956584|6072553|60590|1072685216|0|2970541269|2022-05-08 23:45:42.071858+02
207|1652072013.637376|2022-05-09 06:53:33.637376+02|C2/C695B748|22|19|13689525|7414|38956584|6073053|60595|1072786151|0|2970667542|2022-05-08 23:45:42.071858+02
208|1652072014.656676|2022-05-09 06:53:34.656676+02|C2/CBF38150|22|19|13689525|7414|38956585|6073553|60600|1072883722|0|2970788728|2022-05-08 23:45:42.071858+02
209|1652072015.674458|2022-05-09 06:53:35.674458+02|C2/D1445E70|22|19|13689525|7414|38956585|6074053|60605|1072981799|0|2970910773|2022-05-08 23:45:42.071858+02
210|1652072016.692892|2022-05-09 06:53:36.692892+02|C2/D62D8978|22|19|13689525|7414|38956585|6074553|60610|1073072112|0|2971022273|2022-05-08 23:45:42.071858+02
211|1652072017.711110|2022-05-09 06:53:37.71111+02|C2/DBE9B268|22|19|13689525|7414|38956585|6075053|60615|1073178448|0|2971155331|2022-05-08 23:45:42.071858+02
212|1652072018.729025|2022-05-09 06:53:38.729025+02|C2/E1631D38|22|19|13689525|7414|38956585|6075553|60620|1073279718|0|2971281539|2022-05-08 23:45:42.071858+02
213|1652072019.746803|2022-05-09 06:53:39.746803+02|C2/E6AF5B98|22|19|13689525|7414|38956585|6076053|60625|1073388450|0|2971407745|2022-05-08 23:45:42.071858+02
214|1652072020.764199|2022-05-09 06:53:40.764199+02|C2/EBFCD558|22|19|13689525|7414|38956585|6076553|60630|1073486409|0|2971528053|2022-05-08 23:45:42.071858+02
215|1652072021.782424|2022-05-09 06:53:41.782424+02|C2/F0DD3E08|22|19|13689525|7414|38956585|6077053|60635|1073576414|0|2971636290|2022-05-08 23:45:42.071858+02
216|1652072022.800804|2022-05-09 06:53:42.800804+02|C2/F69A0758|22|19|13689525|7414|38956585|6077553|60640|1073682990|0|2971769839|2022-05-08 23:45:42.071858+02
217|1652072023.818856|2022-05-09 06:53:43.818856+02|C2/FC27A178|22|19|13689525|7414|38956585|6078053|60645|1073786788|0|2971899363|2022-05-08 23:45:42.071858+02
218|1652072024.836676|2022-05-09 06:53:44.836676+02|C3/189ECC8|22|19|13689525|7414|38956585|6078553|60650|1073885671|0|2972023578|2022-05-08 23:45:42.071858+02
219|1652072025.854535|2022-05-09 06:53:45.854535+02|C3/6CE3C28|22|19|13689525|7414|38956585|6079053|60655|1073983090|0|2972144025|2022-05-08 23:45:42.071858+02
220|1652072026.871613|2022-05-09 06:53:46.871613+02|C3/B9E0C50|22|19|13689525|7414|38956585|6079553|60660|1074074868|0|2972262126|2022-05-08 23:45:42.071858+02
221|1652072027.889339|2022-05-09 06:53:47.889339+02|C3/1144CC88|22|19|13689525|7414|38956585|6080153|60666|1074176464|0|2972411128|2022-05-08 23:45:42.071858+02
222|1652072028.907508|2022-05-09 06:53:48.907508+02|C3/16D8FF90|22|19|13689525|7414|38956585|6080653|60671|1074280181|0|2972541026|2022-05-08 23:45:42.071858+02
223|1652072029.925138|2022-05-09 06:53:49.925138+02|C3/1C4451F8|22|19|13689525|7414|38956585|6081153|60676|1074381460|0|2972667508|2022-05-08 23:45:42.071858+02
224|1652072030.942985|2022-05-09 06:53:50.942985+02|C3/216ADE68|22|19|13689525|7414|38956585|6081653|60681|1074476708|0|2972785316|2022-05-08 23:45:42.071858+02
225|1652072031.960504|2022-05-09 06:53:51.960504+02|C3/2696E208|22|19|13689525|7414|38956585|6082153|60686|1074583157|0|2972905510|2022-05-08 23:45:42.071858+02
226|1652072032.977456|2022-05-09 06:53:52.977456+02|C3/2BDB7D38|22|19|13689525|7414|38956585|6082653|60691|1074680466|0|2973027629|2022-05-08 23:45:42.071858+02
227|1652072033.995429|2022-05-09 06:53:53.995429+02|C3/31895588|22|19|13689525|7414|38956585|6083153|60696|1074786233|0|2973160626|2022-05-08 23:45:42.071858+02
228|1652072035.012788|2022-05-09 06:53:55.012788+02|C3/36D88A50|22|19|13689525|7414|38956585|6083653|60701|1074885082|0|2973283754|2022-05-08 23:45:42.071858+02
229|1652072036.030466|2022-05-09 06:53:56.030466+02|C3/3C2F8458|22|19|13689525|7414|38956585|6084153|60706|1074984592|0|2973407782|2022-05-08 23:45:42.071858+02
230|1652072037.048506|2022-05-09 06:53:57.048506+02|C3/4157A388|22|19|13689525|7414|38956585|6084653|60711|1075081337|0|2973529355|2022-05-08 23:45:42.071858+02
231|1652072038.066158|2022-05-09 06:53:58.066158+02|C3/465B0538|22|19|13689525|7414|38956585|6085153|60716|1075172930|0|2973641833|2022-05-08 23:45:42.071858+02
232|1652072039.083431|2022-05-09 06:53:59.083431+02|C3/4C0A3068|22|19|13689525|7414|38956585|6085653|60721|1075279351|0|2973775549|2022-05-08 23:45:42.071858+02
233|1652072040.100186|2022-05-09 06:54:00.100186+02|C3/5165FCF8|22|19|13689525|7414|38956585|6086153|60726|1075380547|0|2973901821|2022-05-08 23:45:42.071858+02
234|1652072041.118178|2022-05-09 06:54:01.118178+02|C3/56A90868|22|19|13689525|7414|38956585|6086653|60731|1075477386|0|2974023065|2022-05-08 23:45:42.071858+02
235|1652072042.136520|2022-05-09 06:54:02.13652+02|C3/5BECE6E0|22|19|13689525|7414|38956585|6087153|60736|1075575305|0|2974145465|2022-05-08 23:45:42.071858+02
236|1652072043.154269|2022-05-09 06:54:03.154269+02|C3/60C490A8|22|19|13689525|7414|38956585|6087653|60741|1075665047|0|2974256838|2022-05-08 23:45:42.071858+02
237|1652072044.172120|2022-05-09 06:54:04.17212+02|C3/66705138|22|19|13689525|7414|38956585|6088153|60746|1075781292|0|2974389609|2022-05-08 23:45:42.071858+02
238|1652072045.190413|2022-05-09 06:54:05.190413+02|C3/6BD7A5C0|22|19|13689525|7414|38956585|6088653|60751|1075882128|0|2974518907|2022-05-08 23:45:42.071858+02
239|1652072046.207590|2022-05-09 06:54:06.20759+02|C3/7131F960|22|19|13689525|7414|38956585|6089153|60756|1075982646|0|2974641619|2022-05-08 23:45:42.071858+02
240|1652072047.223893|2022-05-09 06:54:07.223893+02|C3/763F1E00|22|19|13689525|7414|38956585|6089653|60761|1076077579|0|2974762092|2022-05-08 23:45:42.071858+02
241|1652072048.241759|2022-05-09 06:54:08.241759+02|C3/7B1FA0E8|22|19|13689525|7414|38956585|6090153|60766|1076166760|0|2974876004|2022-05-08 23:45:42.071858+02
242|1652072049.259815|2022-05-09 06:54:09.259815+02|C3/80CA2DF8|22|19|13689525|7414|38956585|6090653|60771|1076272796|0|2975002599|2022-05-08 23:45:42.071858+02
243|1652072050.277990|2022-05-09 06:54:10.27799+02|C3/86525E00|22|19|13689525|7414|38956585|6091253|60777|1076376490|0|2975159634|2022-05-08 23:45:42.071858+02
244|1652072051.296755|2022-05-09 06:54:11.296755+02|C3/8B92B938|22|19|13689525|7414|38956585|6091753|60782|1076475486|0|2975282318|2022-05-08 23:45:42.071858+02
245|1652072052.314608|2022-05-09 06:54:12.314608+02|C3/90E673B8|22|19|13689525|7414|38956585|6092253|60787|1076574512|0|2975406709|2022-05-08 23:45:42.071858+02
246|1652072063.441200|2022-05-09 06:54:23.4412+02|C3/97F467B0|22|19|13689525|7414|38956585|6092253|60787|1076585209|0|2975406709|2022-05-08 23:45:42.071858+02
247|1652072084.682171|2022-05-09 06:54:44.682171+02|C3/A4A0FA20|22|19|13689525|7414|38956585|6092253|60787|1076585209|0|2975406709|2022-05-08 23:45:42.071858+02
FATAL:  terminating connection due to administrator command
server closed the connection unexpectedly
	This probably means the server terminated abnormally
	before or while processing the request.
connection to server was lost
psql: error: connection to server on socket "/tmp/.s.PGSQL.5432" failed: FATAL:  the database system is shutting down
psql: error: connection to server on socket "/tmp/.s.PGSQL.5432" failed: FATAL:  the database system is shutting down
psql: error: connection to server on socket "/tmp/.s.PGSQL.5432" failed: server closed the connection unexpectedly
	This probably means the server terminated abnormally
	before or while processing the request.
psql: error: connection to server on socket "/tmp/.s.PGSQL.5432" failed: No such file or directory
	Is the server running locally and accepting connections on that socket?
psql: error: connection to server on socket "/tmp/.s.PGSQL.5432" failed: No such file or directory
	Is the server running locally and accepting connections on that socket?
psql: error: connection to server on socket "/tmp/.s.PGSQL.5432" failed: No such file or directory
	Is the server running locally and accepting connections on that socket?
psql: error: connection to server on socket "/tmp/.s.PGSQL.5432" failed: No such file or directory
	Is the server running locally and accepting connections on that socket?
psql: error: connection to server on socket "/tmp/.s.PGSQL.5432" failed: No such file or directory
	Is the server running locally and accepting connections on that socket?
psql: error: connection to server on socket "/tmp/.s.PGSQL.5432" failed: No such file or directory
	Is the server running locally and accepting connections on that socket?
psql: error: connection to server on socket "/tmp/.s.PGSQL.5432" failed: No such file or directory
	Is the server running locally and accepting connections on that socket?
psql: error: connection to server on socket "/tmp/.s.PGSQL.5432" failed: No such file or directory
	Is the server running locally and accepting connections on that socket?
psql: error: connection to server on socket "/tmp/.s.PGSQL.5432" failed: No such file or directory
	Is the server running locally and accepting connections on that socket?
psql: error: connection to server on socket "/tmp/.s.PGSQL.5432" failed: No such file or directory
	Is the server running locally and accepting connections on that socket?
psql: error: connection to server on socket "/tmp/.s.PGSQL.5432" failed: No such file or directory
	Is the server running locally and accepting connections on that socket?
psql: error: connection to server on socket "/tmp/.s.PGSQL.5432" failed: No such file or directory
	Is the server running locally and accepting connections on that socket?
psql: error: connection to server on socket "/tmp/.s.PGSQL.5432" failed: No such file or directory
	Is the server running locally and accepting connections on that socket?
psql: error: connection to server on socket "/tmp/.s.PGSQL.5432" failed: No such file or directory
	Is the server running locally and accepting connections on that socket?
psql: error: connection to server on socket "/tmp/.s.PGSQL.5432" failed: No such file or directory
	Is the server running locally and accepting connections on that socket?
psql: error: connection to server on socket "/tmp/.s.PGSQL.5432" failed: No such file or directory
	Is the server running locally and accepting connections on that socket?
psql: error: connection to server on socket "/tmp/.s.PGSQL.5432" failed: No such file or directory
	Is the server running locally and accepting connections on that socket?
psql: error: connection to server on socket "/tmp/.s.PGSQL.5432" failed: No such file or directory
	Is the server running locally and accepting connections on that socket?
psql: error: connection to server on socket "/tmp/.s.PGSQL.5432" failed: No such file or directory
	Is the server running locally and accepting connections on that socket?
psql: error: connection to server on socket "/tmp/.s.PGSQL.5432" failed: No such file or directory
	Is the server running locally and accepting connections on that socket?
psql: error: connection to server on socket "/tmp/.s.PGSQL.5432" failed: No such file or directory
	Is the server running locally and accepting connections on that socket?
psql: error: connection to server on socket "/tmp/.s.PGSQL.5432" failed: No such file or directory
	Is the server running locally and accepting connections on that socket?
psql: error: connection to server on socket "/tmp/.s.PGSQL.5432" failed: No such file or directory
	Is the server running locally and accepting connections on that socket?
psql: error: connection to server on socket "/tmp/.s.PGSQL.5432" failed: No such file or directory
	Is the server running locally and accepting connections on that socket?
psql: error: connection to server on socket "/tmp/.s.PGSQL.5432" failed: No such file or directory
	Is the server running locally and accepting connections on that socket?
psql: error: connection to server on socket "/tmp/.s.PGSQL.5432" failed: No such file or directory
	Is the server running locally and accepting connections on that socket?
psql: error: connection to server on socket "/tmp/.s.PGSQL.5432" failed: No such file or directory
	Is the server running locally and accepting connections on that socket?
psql: error: connection to server on socket "/tmp/.s.PGSQL.5432" failed: No such file or directory
	Is the server running locally and accepting connections on that socket?
psql: error: connection to server on socket "/tmp/.s.PGSQL.5432" failed: No such file or directory
	Is the server running locally and accepting connections on that socket?
psql: error: connection to server on socket "/tmp/.s.PGSQL.5432" failed: No such file or directory
	Is the server running locally and accepting connections on that socket?
psql: error: connection to server on socket "/tmp/.s.PGSQL.5432" failed: No such file or directory
	Is the server running locally and accepting connections on that socket?
psql: error: connection to server on socket "/tmp/.s.PGSQL.5432" failed: No such file or directory
	Is the server running locally and accepting connections on that socket?
psql: error: connection to server on socket "/tmp/.s.PGSQL.5432" failed: No such file or directory
	Is the server running locally and accepting connections on that socket?
psql: error: connection to server on socket "/tmp/.s.PGSQL.5432" failed: No such file or directory
	Is the server running locally and accepting connections on that socket?
psql: error: connection to server on socket "/tmp/.s.PGSQL.5432" failed: No such file or directory
	Is the server running locally and accepting connections on that socket?
psql: error: connection to server on socket "/tmp/.s.PGSQL.5432" failed: No such file or directory
	Is the server running locally and accepting connections on that socket?
psql: error: connection to server on socket "/tmp/.s.PGSQL.5432" failed: No such file or directory
	Is the server running locally and accepting connections on that socket?
psql: error: connection to server on socket "/tmp/.s.PGSQL.5432" failed: No such file or directory
	Is the server running locally and accepting connections on that socket?
psql: error: connection to server on socket "/tmp/.s.PGSQL.5432" failed: No such file or directory
	Is the server running locally and accepting connections on that socket?
psql: error: connection to server on socket "/tmp/.s.PGSQL.5432" failed: No such file or directory
	Is the server running locally and accepting connections on that socket?
psql: error: connection to server on socket "/tmp/.s.PGSQL.5432" failed: No such file or directory
	Is the server running locally and accepting connections on that socket?
psql: error: connection to server on socket "/tmp/.s.PGSQL.5432" failed: No such file or directory
	Is the server running locally and accepting connections on that socket?
psql: error: connection to server on socket "/tmp/.s.PGSQL.5432" failed: No such file or directory
	Is the server running locally and accepting connections on that socket?
psql: error: connection to server on socket "/tmp/.s.PGSQL.5432" failed: No such file or directory
	Is the server running locally and accepting connections on that socket?
psql: error: connection to server on socket "/tmp/.s.PGSQL.5432" failed: No such file or directory
	Is the server running locally and accepting connections on that socket?
psql: error: connection to server on socket "/tmp/.s.PGSQL.5432" failed: No such file or directory
	Is the server running locally and accepting connections on that socket?
psql: error: connection to server on socket "/tmp/.s.PGSQL.5432" failed: No such file or directory
	Is the server running locally and accepting connections on that socket?
psql: error: connection to server on socket "/tmp/.s.PGSQL.5432" failed: No such file or directory
	Is the server running locally and accepting connections on that socket?
psql: error: connection to server on socket "/tmp/.s.PGSQL.5432" failed: No such file or directory
	Is the server running locally and accepting connections on that socket?
psql: error: connection to server on socket "/tmp/.s.PGSQL.5432" failed: No such file or directory
	Is the server running locally and accepting connections on that socket?
psql: error: connection to server on socket "/tmp/.s.PGSQL.5432" failed: No such file or directory
	Is the server running locally and accepting connections on that socket?
psql: error: connection to server on socket "/tmp/.s.PGSQL.5432" failed: No such file or directory
	Is the server running locally and accepting connections on that socket?
psql: error: connection to server on socket "/tmp/.s.PGSQL.5432" failed: No such file or directory
	Is the server running locally and accepting connections on that socket?
psql: error: connection to server on socket "/tmp/.s.PGSQL.5432" failed: No such file or directory
	Is the server running locally and accepting connections on that socket?
psql: error: connection to server on socket "/tmp/.s.PGSQL.5432" failed: No such file or directory
	Is the server running locally and accepting connections on that socket?
psql: error: connection to server on socket "/tmp/.s.PGSQL.5432" failed: No such file or directory
	Is the server running locally and accepting connections on that socket?
psql: error: connection to server on socket "/tmp/.s.PGSQL.5432" failed: No such file or directory
	Is the server running locally and accepting connections on that socket?
psql: error: connection to server on socket "/tmp/.s.PGSQL.5432" failed: No such file or directory
	Is the server running locally and accepting connections on that socket?
psql: error: connection to server on socket "/tmp/.s.PGSQL.5432" failed: No such file or directory
	Is the server running locally and accepting connections on that socket?
psql: error: connection to server on socket "/tmp/.s.PGSQL.5432" failed: No such file or directory
	Is the server running locally and accepting connections on that socket?
psql: error: connection to server on socket "/tmp/.s.PGSQL.5432" failed: No such file or directory
	Is the server running locally and accepting connections on that socket?
psql: error: connection to server on socket "/tmp/.s.PGSQL.5432" failed: No such file or directory
	Is the server running locally and accepting connections on that socket?
psql: error: connection to server on socket "/tmp/.s.PGSQL.5432" failed: No such file or directory
	Is the server running locally and accepting connections on that socket?
psql: error: connection to server on socket "/tmp/.s.PGSQL.5432" failed: No such file or directory
	Is the server running locally and accepting connections on that socket?
psql: error: connection to server on socket "/tmp/.s.PGSQL.5432" failed: No such file or directory
	Is the server running locally and accepting connections on that socket?
psql: error: connection to server on socket "/tmp/.s.PGSQL.5432" failed: No such file or directory
	Is the server running locally and accepting connections on that socket?
psql: error: connection to server on socket "/tmp/.s.PGSQL.5432" failed: No such file or directory
	Is the server running locally and accepting connections on that socket?
psql: error: connection to server on socket "/tmp/.s.PGSQL.5432" failed: No such file or directory
	Is the server running locally and accepting connections on that socket?
psql: error: connection to server on socket "/tmp/.s.PGSQL.5432" failed: No such file or directory
	Is the server running locally and accepting connections on that socket?
psql: error: connection to server on socket "/tmp/.s.PGSQL.5432" failed: No such file or directory
	Is the server running locally and accepting connections on that socket?
psql: error: connection to server on socket "/tmp/.s.PGSQL.5432" failed: No such file or directory
	Is the server running locally and accepting connections on that socket?
psql: error: connection to server on socket "/tmp/.s.PGSQL.5432" failed: No such file or directory
	Is the server running locally and accepting connections on that socket?
psql: error: connection to server on socket "/tmp/.s.PGSQL.5432" failed: No such file or directory
	Is the server running locally and accepting connections on that socket?
psql: error: connection to server on socket "/tmp/.s.PGSQL.5432" failed: No such file or directory
	Is the server running locally and accepting connections on that socket?
psql: error: connection to server on socket "/tmp/.s.PGSQL.5432" failed: No such file or directory
	Is the server running locally and accepting connections on that socket?
psql: error: connection to server on socket "/tmp/.s.PGSQL.5432" failed: No such file or directory
	Is the server running locally and accepting connections on that socket?
psql: error: connection to server on socket "/tmp/.s.PGSQL.5432" failed: No such file or directory
	Is the server running locally and accepting connections on that socket?
psql: error: connection to server on socket "/tmp/.s.PGSQL.5432" failed: No such file or directory
	Is the server running locally and accepting connections on that socket?
psql: error: connection to server on socket "/tmp/.s.PGSQL.5432" failed: No such file or directory
	Is the server running locally and accepting connections on that socket?
psql: error: connection to server on socket "/tmp/.s.PGSQL.5432" failed: No such file or directory
	Is the server running locally and accepting connections on that socket?
psql: error: connection to server on socket "/tmp/.s.PGSQL.5432" failed: No such file or directory
	Is the server running locally and accepting connections on that socket?
psql: error: connection to server on socket "/tmp/.s.PGSQL.5432" failed: No such file or directory
	Is the server running locally and accepting connections on that socket?
psql: error: connection to server on socket "/tmp/.s.PGSQL.5432" failed: No such file or directory
	Is the server running locally and accepting connections on that socket?
psql: error: connection to server on socket "/tmp/.s.PGSQL.5432" failed: No such file or directory
	Is the server running locally and accepting connections on that socket?
psql: error: connection to server on socket "/tmp/.s.PGSQL.5432" failed: No such file or directory
	Is the server running locally and accepting connections on that socket?
psql: error: connection to server on socket "/tmp/.s.PGSQL.5432" failed: No such file or directory
	Is the server running locally and accepting connections on that socket?
psql: error: connection to server on socket "/tmp/.s.PGSQL.5432" failed: No such file or directory
	Is the server running locally and accepting connections on that socket?
psql: error: connection to server on socket "/tmp/.s.PGSQL.5432" failed: No such file or directory
	Is the server running locally and accepting connections on that socket?
psql: error: connection to server on socket "/tmp/.s.PGSQL.5432" failed: No such file or directory
	Is the server running locally and accepting connections on that socket?
psql: error: connection to server on socket "/tmp/.s.PGSQL.5432" failed: No such file or directory
	Is the server running locally and accepting connections on that socket?
psql: error: connection to server on socket "/tmp/.s.PGSQL.5432" failed: No such file or directory
	Is the server running locally and accepting connections on that socket?
psql: error: connection to server on socket "/tmp/.s.PGSQL.5432" failed: No such file or directory
	Is the server running locally and accepting connections on that socket?
psql: error: connection to server on socket "/tmp/.s.PGSQL.5432" failed: No such file or directory
	Is the server running locally and accepting connections on that socket?
psql: error: connection to server on socket "/tmp/.s.PGSQL.5432" failed: No such file or directory
	Is the server running locally and accepting connections on that socket?
psql: error: connection to server on socket "/tmp/.s.PGSQL.5432" failed: No such file or directory
	Is the server running locally and accepting connections on that socket?
psql: error: connection to server on socket "/tmp/.s.PGSQL.5432" failed: No such file or directory
	Is the server running locally and accepting connections on that socket?
psql: error: connection to server on socket "/tmp/.s.PGSQL.5432" failed: No such file or directory
	Is the server running locally and accepting connections on that socket?
psql: error: connection to server on socket "/tmp/.s.PGSQL.5432" failed: No such file or directory
	Is the server running locally and accepting connections on that socket?
psql: error: connection to server on socket "/tmp/.s.PGSQL.5432" failed: No such file or directory
	Is the server running locally and accepting connections on that socket?
psql: error: connection to server on socket "/tmp/.s.PGSQL.5432" failed: No such file or directory
	Is the server running locally and accepting connections on that socket?
psql: error: connection to server on socket "/tmp/.s.PGSQL.5432" failed: No such file or directory
	Is the server running locally and accepting connections on that socket?
psql: error: connection to server on socket "/tmp/.s.PGSQL.5432" failed: No such file or directory
	Is the server running locally and accepting connections on that socket?
psql: error: connection to server on socket "/tmp/.s.PGSQL.5432" failed: No such file or directory
	Is the server running locally and accepting connections on that socket?
psql: error: connection to server on socket "/tmp/.s.PGSQL.5432" failed: No such file or directory
	Is the server running locally and accepting connections on that socket?
psql: error: connection to server on socket "/tmp/.s.PGSQL.5432" failed: No such file or directory
	Is the server running locally and accepting connections on that socket?
psql: error: connection to server on socket "/tmp/.s.PGSQL.5432" failed: No such file or directory
	Is the server running locally and accepting connections on that socket?
psql: error: connection to server on socket "/tmp/.s.PGSQL.5432" failed: No such file or directory
	Is the server running locally and accepting connections on that socket?
psql: error: connection to server on socket "/tmp/.s.PGSQL.5432" failed: No such file or directory
	Is the server running locally and accepting connections on that socket?
psql: error: connection to server on socket "/tmp/.s.PGSQL.5432" failed: No such file or directory
	Is the server running locally and accepting connections on that socket?
psql: error: connection to server on socket "/tmp/.s.PGSQL.5432" failed: No such file or directory
	Is the server running locally and accepting connections on that socket?
psql: error: connection to server on socket "/tmp/.s.PGSQL.5432" failed: No such file or directory
	Is the server running locally and accepting connections on that socket?
psql: error: connection to server on socket "/tmp/.s.PGSQL.5432" failed: No such file or directory
	Is the server running locally and accepting connections on that socket?
psql: error: connection to server on socket "/tmp/.s.PGSQL.5432" failed: No such file or directory
	Is the server running locally and accepting connections on that socket?
psql: error: connection to server on socket "/tmp/.s.PGSQL.5432" failed: No such file or directory
	Is the server running locally and accepting connections on that socket?
psql: error: connection to server on socket "/tmp/.s.PGSQL.5432" failed: No such file or directory
	Is the server running locally and accepting connections on that socket?
psql: error: connection to server on socket "/tmp/.s.PGSQL.5432" failed: No such file or directory
	Is the server running locally and accepting connections on that socket?
psql: error: connection to server on socket "/tmp/.s.PGSQL.5432" failed: No such file or directory
	Is the server running locally and accepting connections on that socket?
psql: error: connection to server on socket "/tmp/.s.PGSQL.5432" failed: No such file or directory
	Is the server running locally and accepting connections on that socket?
psql: error: connection to server on socket "/tmp/.s.PGSQL.5432" failed: No such file or directory
	Is the server running locally and accepting connections on that socket?
psql: error: connection to server on socket "/tmp/.s.PGSQL.5432" failed: No such file or directory
	Is the server running locally and accepting connections on that socket?
psql: error: connection to server on socket "/tmp/.s.PGSQL.5432" failed: No such file or directory
	Is the server running locally and accepting connections on that socket?
psql: error: connection to server on socket "/tmp/.s.PGSQL.5432" failed: No such file or directory
	Is the server running locally and accepting connections on that socket?
psql: error: connection to server on socket "/tmp/.s.PGSQL.5432" failed: No such file or directory
	Is the server running locally and accepting connections on that socket?
psql: error: connection to server on socket "/tmp/.s.PGSQL.5432" failed: No such file or directory
	Is the server running locally and accepting connections on that socket?
psql: error: connection to server on socket "/tmp/.s.PGSQL.5432" failed: No such file or directory
	Is the server running locally and accepting connections on that socket?
psql: error: connection to server on socket "/tmp/.s.PGSQL.5432" failed: No such file or directory
	Is the server running locally and accepting connections on that socket?
psql: error: connection to server on socket "/tmp/.s.PGSQL.5432" failed: No such file or directory
	Is the server running locally and accepting connections on that socket?
psql: error: connection to server on socket "/tmp/.s.PGSQL.5432" failed: No such file or directory
	Is the server running locally and accepting connections on that socket?
psql: error: connection to server on socket "/tmp/.s.PGSQL.5432" failed: No such file or directory
	Is the server running locally and accepting connections on that socket?
psql: error: connection to server on socket "/tmp/.s.PGSQL.5432" failed: No such file or directory
	Is the server running locally and accepting connections on that socket?
psql: error: connection to server on socket "/tmp/.s.PGSQL.5432" failed: No such file or directory
	Is the server running locally and accepting connections on that socket?
psql: error: connection to server on socket "/tmp/.s.PGSQL.5432" failed: No such file or directory
	Is the server running locally and accepting connections on that socket?
psql: error: connection to server on socket "/tmp/.s.PGSQL.5432" failed: No such file or directory
	Is the server running locally and accepting connections on that socket?
psql: error: connection to server on socket "/tmp/.s.PGSQL.5432" failed: No such file or directory
	Is the server running locally and accepting connections on that socket?
psql: error: connection to server on socket "/tmp/.s.PGSQL.5432" failed: No such file or directory
	Is the server running locally and accepting connections on that socket?
psql: error: connection to server on socket "/tmp/.s.PGSQL.5432" failed: No such file or directory
	Is the server running locally and accepting connections on that socket?
psql: error: connection to server on socket "/tmp/.s.PGSQL.5432" failed: FATAL:  database "test" does not exist
389|1652072255.674216|2022-05-09 06:57:35.674216+02|0/2534A8D8|0|2|155|2|7|0|0|0|0|8840|2022-05-09 06:57:34.574419+02
390|1652072256.693660|2022-05-09 06:57:36.69366+02|0/2CBDABC8|0|2|155|2|7|0|0|0|0|8913|2022-05-09 06:57:34.574419+02
391|1652072257.712809|2022-05-09 06:57:37.712809+02|0/33744000|0|2|155|2|7|0|0|0|0|8922|2022-05-09 06:57:34.574419+02
392|1652072258.732219|2022-05-09 06:57:38.732219+02|0/3AFD8000|0|2|155|2|7|0|0|0|0|8930|2022-05-09 06:57:34.574419+02
393|1652072259.751397|2022-05-09 06:57:39.751397+02|0/3F800000|0|2|155|2|7|0|0|0|0|8937|2022-05-09 06:57:34.574419+02
394|1652072260.773273|2022-05-09 06:57:40.773273+02|0/44E0C000|0|2|155|2|7|0|0|0|0|8942|2022-05-09 06:57:34.574419+02
395|1652072261.792227|2022-05-09 06:57:41.792227+02|0/4BECAA30|0|2|155|2|7|0|0|0|0|8951|2022-05-09 06:57:34.574419+02
396|1652072262.811309|2022-05-09 06:57:42.811309+02|0/53B6AC28|0|2|155|2|7|0|0|0|0|8960|2022-05-09 06:57:34.574419+02
397|1652072263.830147|2022-05-09 06:57:43.830147+02|0/5AA70000|0|2|155|2|7|0|0|0|0|8968|2022-05-09 06:57:34.574419+02
398|1652072264.851263|2022-05-09 06:57:44.851263+02|0/5F4DC000|0|2|155|2|7|0|0|0|0|8976|2022-05-09 06:57:34.574419+02
399|1652072265.861702|2022-05-09 06:57:45.861702+02|0/64210FF0|0|2|155|2|7|0|0|0|0|8981|2022-05-09 06:57:34.574419+02
400|1652072266.881086|2022-05-09 06:57:46.881086+02|0/64210FF0|0|2|155|2|7|0|0|0|0|9850|2022-05-09 06:57:34.574419+02
401|1652072267.900446|2022-05-09 06:57:47.900446+02|0/6421C898|0|2|155|2|7|0|0|0|0|175285|2022-05-09 06:57:34.574419+02
402|1652072268.919404|2022-05-09 06:57:48.919404+02|0/6421C898|0|2|155|2|7|0|0|0|0|351289|2022-05-09 06:57:34.574419+02
403|1652072269.938505|2022-05-09 06:57:49.938505+02|0/6421D790|0|2|155|2|7|0|0|0|0|527222|2022-05-09 06:57:34.574419+02
404|1652072270.959397|2022-05-09 06:57:50.959397+02|0/6421D790|0|2|155|2|7|0|0|0|0|668227|2022-05-09 06:57:34.574419+02
405|1652072271.979174|2022-05-09 06:57:51.979174+02|0/6EA98000|0|2|155|2|7|0|0|0|0|668227|2022-05-09 06:57:34.574419+02
