run|epoch|ts|datid|datname|numbackends|xact_commit|xact_rollback|blks_read|blks_hit|tup_returned|tup_fetched|tup_inserted|tup_updated|tup_deleted|conflicts|temp_files|temp_bytes|deadlocks|checksum_failures|checksum_last_failure|blk_read_time|blk_write_time|session_time|active_time|idle_in_transaction_time|sessions|sessions_abandoned|sessions_fatal|sessions_killed|stats_reset
1|1651699471.134040|2022-05-04 23:24:31.13404+02|17031|test|4|1043225866|0|2114395091|8872170887|2148563779|1261262383|966282935|216198291|1857|0|15|15238238208|0|||0|0|203419630.432|123726153.355|24234902.409|12483|0|0|0|2022-05-04 21:06:10.29955+02
1|1651699472.147474|2022-05-04 23:24:32.147474+02|17031|test|36|1043253807|0|2114452054|8872696088|2148700410|1261322832|966310533|216225889|1857|0|15|15238238208|0|||0|0|203435728.714|123736190.681|24238453.671|12520|0|0|0|2022-05-04 21:06:10.29955+02
2|1651699473.165628|2022-05-04 23:24:33.165628+02|17031|test|36|1043315638|0|2114578397|8873814123|2148901774|1261447553|966372224|216287580|1857|0|15|15238238208|0|||0|0|203473762.05|123761792.337|24246059.527|12522|0|0|0|2022-05-04 21:06:10.29955+02
3|1651699474.184824|2022-05-04 23:24:34.184824+02|17031|test|36|1043391632|0|2114733361|8875180852|2149135613|1261600600|966448078|216363434|1857|0|15|15238238208|0|||0|0|203515802.049|123788034.411|24255807.623|12524|0|0|0|2022-05-04 21:06:10.29955+02
4|1651699475.204238|2022-05-04 23:24:35.204238+02|17031|test|36|1043449141|0|2114850799|8876219780|2149327541|1261716701|966505444|216420800|1857|0|15|15238238208|0|||0|0|203547839.38|123808370.361|24262980.956|12527|0|0|0|2022-05-04 21:06:10.29955+02
5|1651699476.223048|2022-05-04 23:24:36.223048+02|17031|test|36|1043501864|0|2114958478|8877177222|2149508713|1261823206|966558026|216473382|1857|0|15|15238238208|0|||0|0|203579868.986|123829986.477|24269322.639|12528|0|0|0|2022-05-04 21:06:10.29955+02
6|1651699477.241850|2022-05-04 23:24:37.24185+02|17031|test|36|1043557547|0|2115071830|8878188860|2149696886|1261935643|966613567|216528923|1857|0|15|15238238208|0|||0|0|203611896.172|123850947.943|24276075.868|12530|0|0|0|2022-05-04 21:06:10.29955+02
7|1651699478.260375|2022-05-04 23:24:38.260375+02|17031|test|36|1043606237|0|2115171112|8879075898|2149869851|1262034106|966662113|216577469|1857|0|15|15238238208|0|||0|0|203643926.923|123874077.631|24281388.664|12532|0|0|0|2022-05-04 21:06:10.29955+02
8|1651699479.279786|2022-05-04 23:24:39.279786+02|17031|test|36|1043664509|0|2115290296|8880131751|2150064011|1262151721|966720243|216635599|1857|0|15|15238238208|0|||0|0|203675955.618|123894398.048|24288564.03|12534|0|0|0|2022-05-04 21:06:10.29955+02
9|1651699480.297924|2022-05-04 23:24:40.297924+02|17031|test|36|1043723389|0|2115410304|8881200112|2150259565|1262270552|966778981|216694337|1857|0|15|15238238208|0|||0|0|203707983.682|123914554.192|24295826.85|12536|0|0|0|2022-05-04 21:06:10.29955+02
10|1651699481.312691|2022-05-04 23:24:41.312691+02|17031|test|36|1043776670|0|2115518521|8882168632|2150442735|1262378209|966832117|216747473|1857|0|15|15238238208|0|||0|0|203740010.059|123936228.801|24302098.827|12539|0|0|0|2022-05-04 21:06:10.29955+02
11|1651699482.331103|2022-05-04 23:24:42.331103+02|17031|test|36|1043832511|0|2115632474|8883180962|2150631225|1262490950|966887817|216803173|1857|0|15|15238238208|0|||0|0|203772035.742|123957434.742|24308663.165|12540|0|0|0|2022-05-04 21:06:10.29955+02
12|1651699483.349793|2022-05-04 23:24:43.349793+02|17031|test|36|1043880984|0|2115731124|8884061870|2150803533|1262588979|966936146|216851502|1857|0|15|15238238208|0|||0|0|203804064.861|123980700.551|24313847.41|12542|0|0|0|2022-05-04 21:06:10.29955+02
13|1651699484.368631|2022-05-04 23:24:44.368631+02|17031|test|36|1043940779|0|2115853131|8885144038|2151001104|1262709640|966995799|216911155|1857|0|15|15238238208|0|||0|0|203836104.728|124000820.258|24321133.244|12544|0|0|0|2022-05-04 21:06:10.29955+02
14|1651699485.386444|2022-05-04 23:24:45.386444+02|17031|test|36|1044000110|0|2115973971|8886214695|2151197341|1262829373|967054988|216970344|1857|0|15|15238238208|0|||0|0|203868131.444|124020976.637|24328382.371|12546|0|0|0|2022-05-04 21:06:10.29955+02
15|1651699486.401703|2022-05-04 23:24:46.401703+02|17031|test|35|1044054153|0|2116084296|8887196356|2151381849|1262938530|967108889|217024245|1857|0|15|15238238208|0|||0|0|203900155.896|124042577.172|24334705.482|12548|0|0|0|2022-05-04 21:06:10.29955+02
16|1651699487.421005|2022-05-04 23:24:47.421005+02|17031|test|36|1044111295|0|2116200658|8888230376|2151574030|1263053897|967165887|217081243|1857|0|15|15238238208|0|||0|0|203932186.757|124063480.915|24341467.191|12550|0|0|0|2022-05-04 21:06:10.29955+02
17|1651699488.440117|2022-05-04 23:24:48.440117+02|17031|test|35|1044160351|0|2116300764|8889123864|2151747936|1263153092|967214799|217130155|1857|0|15|15238238208|0|||0|0|203964221.389|124086539.441|24346829.787|12552|0|0|0|2022-05-04 21:06:10.29955+02
18|1651699489.459094|2022-05-04 23:24:49.459094+02|17031|test|35|1044220540|0|2116423298|8890212157|2151946247|1263274541|967274846|217190202|1857|0|15|15238238208|0|||0|0|203996253.803|124106765.343|24354003.107|12554|0|0|0|2022-05-04 21:06:10.29955+02
19|1651699490.476803|2022-05-04 23:24:50.476803+02|17031|test|36|1044281423|0|2116547286|8891311548|2152146050|1263397378|967335587|217250943|1857|0|15|15238238208|0|||0|0|204028285|124126752.652|24361357.445|12556|0|0|0|2022-05-04 21:06:10.29955+02
20|1651699491.494205|2022-05-04 23:24:51.494205+02|17031|test|36|1044337846|0|2116661944|8892333812|2152336800|1263511319|967391865|217307221|1857|0|15|15238238208|0|||0|0|204060313.134|124147835.917|24368004.092|12559|0|0|0|2022-05-04 21:06:10.29955+02
21|1651699492.512916|2022-05-04 23:24:52.512916+02|17031|test|36|1044396444|0|2116781499|8893394187|2152531439|1263629574|967450322|217365678|1857|0|15|15238238208|0|||0|0|204092343.352|124168570.833|24374838.725|12560|0|0|0|2022-05-04 21:06:10.29955+02
22|1651699493.531478|2022-05-04 23:24:53.531478+02|17031|test|35|1044449700|0|2116890146|8894359720|2152713901|1263737157|967503436|217418792|1857|0|15|15238238208|0|||0|0|204124375.52|124190565.581|24380881.437|12562|0|0|0|2022-05-04 21:06:10.29955+02
23|1651699494.549993|2022-05-04 23:24:54.549993+02|17031|test|35|1044506186|0|2117005327|8895384424|2152903806|1263851200|967559780|217475136|1857|0|15|15238238208|0|||0|0|204156404.136|124211815.849|24387385.184|12564|0|0|0|2022-05-04 21:06:10.29955+02
24|1651699495.567933|2022-05-04 23:24:55.567933+02|17031|test|36|1044568176|0|2117131351|8896503719|2153105891|1263976251|967621628|217536984|1857|0|15|15238238208|0|||0|0|204188436.465|124231630.828|24394838.979|12566|0|0|0|2022-05-04 21:06:10.29955+02
25|1651699496.586111|2022-05-04 23:24:56.586111+02|17031|test|36|1044625492|0|2117248077|8897542124|2153298531|1264091978|967678799|217594155|1857|0|15|15238238208|0|||0|0|204220465.171|124252544.775|24401591.036|12569|0|0|0|2022-05-04 21:06:10.29955+02
26|1651699497.604488|2022-05-04 23:24:57.604488+02|17031|test|36|1044683894|0|2117367058|8898596578|2153492639|1264209841|967737060|217652416|1857|0|15|15238238208|0|||0|0|204252492.341|124273337.158|24408396.135|12570|0|0|0|2022-05-04 21:06:10.29955+02
27|1651699498.623200|2022-05-04 23:24:58.6232+02|17031|test|36|1044731465|0|2117463562|8899462655|2153663832|1264306090|967784484|217699840|1857|0|15|15238238208|0|||0|0|204284556.217|124296739.344|24413568.103|12573|0|0|0|2022-05-04 21:06:10.29955+02
28|1651699499.640618|2022-05-04 23:24:59.640618+02|17031|test|36|1044786066|0|2117574625|8900449643|2153849293|1264416351|967838944|217754300|1857|0|15|15238238208|0|||0|0|204316580.918|124318594.717|24419698.409|12574|0|0|0|2022-05-04 21:06:10.29955+02
29|1651699500.659013|2022-05-04 23:25:00.659013+02|17031|test|35|1044848371|0|2117701447|8901572027|2154052133|1264542032|967901107|217816463|1857|0|15|15238238208|0|||0|0|204348609.105|124338350.155|24427187.751|12576|0|0|0|2022-05-04 21:06:10.29955+02
30|1651699501.675576|2022-05-04 23:25:01.675576+02|17031|test|36|1044907599|0|2117822203|8902642314|2154248900|1264661571|967960191|217875547|1857|0|15|15238238208|0|||0|0|204380687.053|124358785.192|24434276.25|12578|0|0|0|2022-05-04 21:06:10.29955+02
31|1651699502.693893|2022-05-04 23:25:02.693893+02|17031|test|35|1044986406|0|2117982975|8904058570|2154489714|1264820256|968038856|217954212|1857|0|15|15238238208|0|||0|0|204424227.114|124387252.582|24443395.634|12580|0|0|0|2022-05-04 21:06:10.29955+02
32|1651699503.711914|2022-05-04 23:25:03.711914+02|17031|test|36|1045041997|0|2118095845|8905066433|2154679178|1264932533|968094301|218009657|1857|0|15|15238238208|0|||0|0|204460779.449|124413725.019|24449403.146|12582|0|0|0|2022-05-04 21:06:10.29955+02
33|1651699504.730620|2022-05-04 23:25:04.73062+02|17031|test|35|1045104610|0|2118223770|8906197721|2154883102|1265058830|968156772|218072128|1857|0|15|15238238208|0|||0|0|204492850.78|124433554.182|24456852.984|12584|0|0|0|2022-05-04 21:06:10.29955+02
34|1651699505.748857|2022-05-04 23:25:05.748857+02|17031|test|36|1045167959|0|2118352845|8907339698|2155088412|1265186599|968219979|218135335|1857|0|15|15238238208|0|||0|0|204524880.985|124453113.937|24464465.499|12586|0|0|0|2022-05-04 21:06:10.29955+02
35|1651699506.766485|2022-05-04 23:25:06.766485+02|17031|test|36|1045227238|0|2118473860|8908411682|2155285389|1265306240|968279114|218194470|1857|0|15|15238238208|0|||0|0|204556907.863|124473567.899|24471498.989|12588|0|0|0|2022-05-04 21:06:10.29955+02
36|1651699507.784374|2022-05-04 23:25:07.784374+02|17031|test|36|1045286107|0|2118593795|8909477954|2155481509|1265425073|968337838|218253194|1857|0|15|15238238208|0|||0|0|204588939.083|124494422.673|24478250.266|12591|0|0|0|2022-05-04 21:06:10.29955+02
37|1651699508.802246|2022-05-04 23:25:08.802246+02|17031|test|36|1045337295|0|2118698176|8910407626|2155660268|1265528520|968388883|218304239|1857|0|15|15238238208|0|||0|0|204620967.48|124517366.207|24483649.964|12592|0|0|0|2022-05-04 21:06:10.29955+02
38|1651699509.821030|2022-05-04 23:25:09.82103+02|17031|test|36|1045398675|0|2118823257|8911514855|2155860976|1265652351|968450121|218365477|1857|0|15|15238238208|0|||0|0|204652995.173|124537500.116|24490874.031|12594|0|0|0|2022-05-04 21:06:10.29955+02
39|1651699510.839062|2022-05-04 23:25:10.839062+02|17031|test|36|1045461396|0|2118951078|8912646259|2156064738|1265778864|968512700|218428056|1857|0|15|15238238208|0|||0|0|204685021.323|124557102.911|24498452.016|12596|0|0|0|2022-05-04 21:06:10.29955+02
40|1651699511.857180|2022-05-04 23:25:11.85718+02|17031|test|36|1045520442|0|2119071577|8913713616|2156261054|1265898051|968571601|218486957|1857|0|15|15238238208|0|||0|0|204717053.449|124577594.67|24505479.033|12599|0|0|0|2022-05-04 21:06:10.29955+02
41|1651699512.874707|2022-05-04 23:25:12.874707+02|17031|test|36|1045579431|0|2119191489|8914777644|2156456280|1266017088|968630449|218545805|1857|0|15|15238238208|0|||0|0|204749080.649|124598412.629|24512251.385|12600|0|0|0|2022-05-04 21:06:10.29955+02
42|1651699513.892006|2022-05-04 23:25:13.892006+02|17031|test|36|1045636115|0|2119307290|8915804497|2156647478|1266131539|968686989|218602345|1857|0|15|15238238208|0|||0|0|204781111.067|124619774.144|24518685.818|12602|0|0|0|2022-05-04 21:06:10.29955+02
43|1651699514.909262|2022-05-04 23:25:14.909262+02|17031|test|36|1045692249|0|2119422037|8916821559|2156837432|1266244890|968742979|218658335|1857|0|15|15238238208|0|||0|0|204813136.319|124641214.785|24525066.589|12604|0|0|0|2022-05-04 21:06:10.29955+02
44|1651699515.927249|2022-05-04 23:25:15.927249+02|17031|test|35|1045754954|0|2119549621|8917949743|2157041154|1266371371|968805542|218720898|1857|0|15|15238238208|0|||0|0|204845163.135|124660850.348|24532630.399|12606|0|0|0|2022-05-04 21:06:10.29955+02
45|1651699516.945145|2022-05-04 23:25:16.945145+02|17031|test|36|1045814910|0|2119671810|8919034116|2157239807|1266492366|968865354|218780710|1857|0|15|15238238208|0|||0|0|204877197.282|124681091.943|24539826.525|12608|0|0|0|2022-05-04 21:06:10.29955+02
46|1651699517.963006|2022-05-04 23:25:17.963006+02|17031|test|36|1045872617|0|2119789678|8920078216|2157433295|1266608863|968922917|218838273|1857|0|15|15238238208|0|||0|0|204909225.068|124702031.672|24546538.985|12610|0|0|0|2022-05-04 21:06:10.29955+02
47|1651699518.980580|2022-05-04 23:25:18.98058+02|17031|test|36|1045929855|0|2119906091|8921114447|2157626388|1266724446|968980008|218895364|1857|0|15|15238238208|0|||0|0|204941258.593|124723247.628|24553063.977|12613|0|0|0|2022-05-04 21:06:10.29955+02
48|1651699519.996795|2022-05-04 23:25:19.996795+02|17031|test|36|1045985474|0|2120019674|8922122745|2157814144|1266836743|969035486|218950842|1857|0|15|15238238208|0|||0|0|204973321.632|124744939.898|24559318.551|12614|0|0|0|2022-05-04 21:06:10.29955+02
49|1651699521.017082|2022-05-04 23:25:21.017082+02|17031|test|35|1046048203|0|2120147704|8923253172|2158018171|1266963272|969098073|219013429|1857|0|15|15238238208|0|||0|0|205005365.436|124764586.096|24566881.576|12616|0|0|0|2022-05-04 21:06:10.29955+02
50|1651699522.035365|2022-05-04 23:25:22.035365+02|17031|test|35|1046109136|0|2120271642|8924352497|2158218883|1267086221|969158862|219074218|1857|0|15|15238238208|0|||0|0|205037390.803|124784607.749|24574199.276|12618|0|0|0|2022-05-04 21:06:10.29955+02
51|1651699523.052953|2022-05-04 23:25:23.052953+02|17031|test|35|1046167376|0|2120390938|8925406149|2158413427|1267203784|969216958|219132314|1857|0|15|15238238208|0|||0|0|205069418.369|124805295.754|24581095.821|12620|0|0|0|2022-05-04 21:06:10.29955+02
52|1651699524.071435|2022-05-04 23:25:24.071435+02|17031|test|36|1046225000|0|2120508370|8926448657|2158607766|1267320139|969274435|219189791|1857|0|15|15238238208|0|||0|0|205101497.41|124826395.742|24587723.496|12623|0|0|0|2022-05-04 21:06:10.29955+02
53|1651699525.089599|2022-05-04 23:25:25.089599+02|17031|test|35|1046278529|0|2120617671|8927417655|2158790613|1267428256|969327823|219243179|1857|0|15|15238238208|0|||0|0|205133531.768|124848669.751|24593571.632|12624|0|0|0|2022-05-04 21:06:10.29955+02
54|1651699526.108028|2022-05-04 23:25:26.108028+02|17031|test|35|1046342043|0|2120746835|8928560172|2158996103|1267556355|969391195|219306551|1857|0|15|15238238208|0|||0|0|205165557.997|124868085.937|24601259.568|12626|0|0|0|2022-05-04 21:06:10.29955+02
55|1651699527.125924|2022-05-04 23:25:27.125924+02|17031|test|36|1046402772|0|2120870740|8929661031|2159197403|1267678920|969451777|219367133|1857|0|15|15238238208|0|||0|0|205197588.055|124888195.915|24608534.863|12629|0|0|0|2022-05-04 21:06:10.29955+02
56|1651699528.147105|2022-05-04 23:25:28.147105+02|17031|test|36|1046462380|0|2120991869|8930737299|2159393884|1267799195|969511244|219426600|1857|0|15|15238238208|0|||0|0|205229614.401|124908750.357|24615487.907|12630|0|0|0|2022-05-04 21:06:10.29955+02
57|1651699529.164781|2022-05-04 23:25:29.164781+02|17031|test|35|1046522280|0|2121113859|8931821193|2159592204|1267920078|969571000|219486356|1857|0|15|15238238208|0|||0|0|205261643.231|124929205.566|24622522.192|12632|0|0|0|2022-05-04 21:06:10.29955+02
58|1651699530.182303|2022-05-04 23:25:30.182303+02|17031|test|36|1046572771|0|2121216581|8932737966|2159769105|1268022143|969621347|219536703|1857|0|15|15238238208|0|||0|0|205293673.772|124952377.595|24627773.369|12634|0|0|0|2022-05-04 21:06:10.29955+02
59|1651699531.200522|2022-05-04 23:25:31.200522+02|17031|test|35|1046636140|0|2121346044|8933879752|2159974426|1268149952|969684574|219599930|1857|0|15|15238238208|0|||0|0|205325701.827|124971840.537|24635464.803|12636|0|0|0|2022-05-04 21:06:10.29955+02
60|1651699532.218299|2022-05-04 23:25:32.218299+02|17031|test|35|1046715745|0|2121508213|8935309443|2160217584|1268310245|969764035|219679391|1857|0|15|15238238208|0|||0|0|205368265.6|124998774.248|24644997.034|12638|0|0|0|2022-05-04 21:06:10.29955+02
61|1651699533.235080|2022-05-04 23:25:33.23508+02|17031|test|36|1046783256|0|2121645492|8936524947|2160433265|1268446350|969831402|219746758|1857|0|15|15238238208|0|||0|0|205405796.218|125023413.966|24652785.125|12640|0|0|0|2022-05-04 21:06:10.29955+02
62|1651699534.251844|2022-05-04 23:25:34.251844+02|17031|test|35|1046836724|0|2121754648|8937492460|2160617035|1268554369|969884726|219800082|1857|0|15|15238238208|0|||0|0|205437827.036|125045394.353|24658845.976|12642|0|0|0|2022-05-04 21:06:10.29955+02
63|1651699535.270001|2022-05-04 23:25:35.270001+02|17031|test|35|1046891944|0|2121867333|8938490598|2160804420|1268665892|969939802|219855158|1857|0|15|15238238208|0|||0|0|205469854.462|125067264.487|24664938.516|12644|0|0|0|2022-05-04 21:06:10.29955+02
64|1651699536.287366|2022-05-04 23:25:36.287366+02|17031|test|36|1046948269|0|2121981960|8939509002|2160994608|1268779625|969995983|219911339|1857|0|15|15238238208|0|||0|0|205501884.802|125088639.201|24671384.373|12646|0|0|0|2022-05-04 21:06:10.29955+02
65|1651699537.305134|2022-05-04 23:25:37.305134+02|17031|test|36|1047004290|0|2122096190|8940523600|2161184299|1268892750|970051860|219967216|1857|0|15|15238238208|0|||0|0|205533913.669|125109697.118|24678063.668|12648|0|0|0|2022-05-04 21:06:10.29955+02
66|1651699538.323529|2022-05-04 23:25:38.323529+02|17031|test|36|1047064963|0|2122219809|8941618914|2161383486|1269015167|970112391|220027747|1857|0|15|15238238208|0|||0|0|205565941.358|125129358.73|24685648.827|12650|0|0|0|2022-05-04 21:06:10.29955+02
67|1651699539.342371|2022-05-04 23:25:39.342371+02|17031|test|36|1047126448|0|2122345218|8942728537|2161584481|1269139208|970173734|220089090|1857|0|15|15238238208|0|||0|0|205597970.359|125149104.498|24693158.012|12652|0|0|0|2022-05-04 21:06:10.29955+02
68|1651699540.360659|2022-05-04 23:25:40.360659+02|17031|test|36|1047183475|0|2122461253|8943760120|2161776294|1269254345|970230617|220145973|1857|0|15|15238238208|0|||0|0|205629995.962|125170217.393|24699760.298|12654|0|0|0|2022-05-04 21:06:10.29955+02
69|1651699541.379268|2022-05-04 23:25:41.379268+02|17031|test|36|1047241057|0|2122578798|8944800186|2161969210|1269370592|970288055|220203411|1857|0|15|15238238208|0|||0|0|205662023.291|125191223.773|24706438.739|12656|0|0|0|2022-05-04 21:06:10.29955+02
70|1651699542.396477|2022-05-04 23:25:42.396477+02|17031|test|36|1047296744|0|2122692492|8945805695|2162158739|1269483073|970343595|220258951|1857|0|15|15238238208|0|||0|0|205694057.118|125212732.431|24712806.572|12659|0|0|0|2022-05-04 21:06:10.29955+02
71|1651699543.418813|2022-05-04 23:25:43.418813+02|17031|test|36|1047351617|0|2122804374|8946798641|2162345552|1269593890|970398325|220313681|1857|0|15|15238238208|0|||0|0|205726096.996|125234476.455|24719029.126|12660|0|0|0|2022-05-04 21:06:10.29955+02
72|1651699544.435959|2022-05-04 23:25:44.435959+02|17031|test|36|1047410336|0|2122924149|8947858101|2162540998|1269712411|970456900|220372256|1857|0|15|15238238208|0|||0|0|205758122.749|125255237.448|24725857.461|12662|0|0|0|2022-05-04 21:06:10.29955+02
73|1651699545.452429|2022-05-04 23:25:45.452429+02|17031|test|36|1047467296|0|2123040421|8948888114|2162732694|1269827414|970513716|220429072|1857|0|15|15238238208|0|||0|0|205790180.099|125276493.303|24732387.859|12664|0|0|0|2022-05-04 21:06:10.29955+02
74|1651699546.471187|2022-05-04 23:25:46.471187+02|17031|test|36|1047524825|0|2123157774|8949926951|2162925668|1269943555|970571101|220486457|1857|0|15|15238238208|0|||0|0|205822214.774|125297569.633|24739021.107|12666|0|0|0|2022-05-04 21:06:10.29955+02
75|1651699547.488689|2022-05-04 23:25:47.488689+02|17031|test|36|1047581429|0|2123273091|8950950407|2163116490|1270057846|970627561|220542917|1857|0|15|15238238208|0|||0|0|205854247.126|125318814.247|24745542.334|12668|0|0|0|2022-05-04 21:06:10.29955+02
76|1651699548.505385|2022-05-04 23:25:48.505385+02|17031|test|36|1047638113|0|2123389025|8951975454|2163307588|1270172297|970684101|220599457|1857|0|15|15238238208|0|||0|0|205886284.206|125340023.925|24752098.13|12670|0|0|0|2022-05-04 21:06:10.29955+02
77|1651699549.523882|2022-05-04 23:25:49.523882+02|17031|test|36|1047694831|0|2123504727|8953000256|2163498696|1270286828|970740674|220656030|1857|0|15|15238238208|0|||0|0|205918312.822|125361334.225|24758559.915|12673|0|0|0|2022-05-04 21:06:10.29955+02
78|1651699550.540940|2022-05-04 23:25:50.54094+02|17031|test|36|1047751173|0|2123619764|8954018937|2163689001|1270400583|970796873|220712229|1857|0|15|15238238208|0|||0|0|205950337.351|125382643.838|24765041.378|12674|0|0|0|2022-05-04 21:06:10.29955+02
79|1651699551.558581|2022-05-04 23:25:51.558581+02|17031|test|36|1047803543|0|2123726220|8954969421|2163870010|1270506418|970849098|220764454|1857|0|15|15238238208|0|||0|0|205982367.313|125404782.318|24771000.809|12677|0|0|0|2022-05-04 21:06:10.29955+02
80|1651699552.577106|2022-05-04 23:25:52.577106+02|17031|test|35|1047859814|0|2123840922|8955986144|2164059157|1270620019|970905228|220820584|1857|0|15|15238238208|0|||0|0|206014398.488|125426025.107|24777535.174|12678|0|0|0|2022-05-04 21:06:10.29955+02
81|1651699553.594762|2022-05-04 23:25:53.594762+02|17031|test|35|1047917484|0|2123958328|8957027826|2164252304|1270736442|970962754|220878110|1857|0|15|15238238208|0|||0|0|206046428.663|125447050.564|24784203.505|12680|0|0|0|2022-05-04 21:06:10.29955+02
82|1651699554.612072|2022-05-04 23:25:54.612072+02|17031|test|36|1047975248|0|2124075838|8958071036|2164445505|1270853053|971020374|220935730|1857|0|15|15238238208|0|||0|0|206078454.367|125468026.24|24790904.108|12682|0|0|0|2022-05-04 21:06:10.29955+02
83|1651699555.629514|2022-05-04 23:25:55.629514+02|17031|test|36|1048036467|0|2124200889|8959176746|2164647116|1270976574|971081449|220996805|1857|0|15|15238238208|0|||0|0|206110480.139|125488187.884|24798127.936|12684|0|0|0|2022-05-04 21:06:10.29955+02
84|1651699556.646745|2022-05-04 23:25:56.646745+02|17031|test|36|1048092665|0|2124315602|8960192302|2164836952|1271090053|971137503|221052859|1857|0|15|15238238208|0|||0|0|206142508.796|125509848.809|24804356.806|12686|0|0|0|2022-05-04 21:06:10.29955+02
85|1651699557.664959|2022-05-04 23:25:57.664959+02|17031|test|35|1048157342|0|2124447463|8961354114|2165045096|1271220478|971202038|221117394|1857|0|15|15238238208|0|||0|0|206174538.453|125529072.908|24812200.873|12688|0|0|0|2022-05-04 21:06:10.29955+02
86|1651699558.682939|2022-05-04 23:25:58.682939+02|17031|test|36|1048214061|0|2124562756|8962378688|2165236765|1271335011|971258611|221173967|1857|0|15|15238238208|0|||0|0|206206569.162|125550300.563|24818737.992|12690|0|0|0|2022-05-04 21:06:10.29955+02
87|1651699559.700740|2022-05-04 23:25:59.70074+02|17031|test|36|1048269072|0|2124674890|8963374245|2165423843|1271446116|971313478|221228834|1857|0|15|15238238208|0|||0|0|206238595.927|125572201.653|24824808.492|12692|0|0|0|2022-05-04 21:06:10.29955+02
88|1651699560.718865|2022-05-04 23:26:00.718865+02|17031|test|36|1048333579|0|2124806747|8964534847|2165631767|1271576201|971377843|221293199|1857|0|15|15238238208|0|||0|0|206270621.067|125591433.796|24832655.431|12694|0|0|0|2022-05-04 21:06:10.29955+02
89|1651699561.736828|2022-05-04 23:26:01.736828+02|17031|test|36|1048430572|0|2125004464|8966267503|2165914742|1271771282|971474691|221390047|1857|0|15|15238238208|0|||0|0|206318654.919|125620220.181|24844449.227|12697|0|0|0|2022-05-04 21:06:10.29955+02
90|1651699562.755192|2022-05-04 23:26:02.755192+02|17031|test|36|1048491173|0|2125127867|8967360203|2166113890|1271893543|971535151|221450507|1857|0|15|15238238208|0|||0|0|206350739.314|125640608.521|24851564.467|12698|0|0|0|2022-05-04 21:06:10.29955+02
91|1651699563.773753|2022-05-04 23:26:03.773753+02|17031|test|35|1048552303|0|2125252520|8968463303|2166315089|1272016886|971596137|221511493|1857|0|15|15238238208|0|||0|0|206382765.153|125660821.753|24858757.793|12700|0|0|0|2022-05-04 21:06:10.29955+02
92|1651699564.791889|2022-05-04 23:26:04.791889+02|17031|test|36|1048614137|0|2125378430|8969580650|2166517806|1272141637|971657827|221573183|1857|0|15|15238238208|0|||0|0|206414791.036|125680841.582|24866062.048|12702|0|0|0|2022-05-04 21:06:10.29955+02
93|1651699565.810326|2022-05-04 23:26:05.810326+02|17031|test|36|1048674988|0|2125502485|8970674497|2166717217|1272264410|971718536|221633892|1857|0|15|15238238208|0|||0|0|206446816.114|125701139.381|24873200.522|12704|0|0|0|2022-05-04 21:06:10.29955+02
94|1651699566.828417|2022-05-04 23:26:06.828417+02|17031|test|36|1048735367|0|2125625676|8971762329|2166916310|1272386251|971778771|221694127|1857|0|15|15238238208|0|||0|0|206478841.945|125721408.721|24880359.774|12706|0|0|0|2022-05-04 21:06:10.29955+02
95|1651699567.846001|2022-05-04 23:26:07.846001+02|17031|test|36|1048795180|0|2125747111|8972840466|2167114366|1272506960|971838440|221753796|1857|0|15|15238238208|0|||0|0|206510865.753|125741941.139|24887328.913|12708|0|0|0|2022-05-04 21:06:10.29955+02
96|1651699568.864837|2022-05-04 23:26:08.864837+02|17031|test|36|1048856352|0|2125871589|8973940298|2167314411|1272630375|971899470|221814826|1857|0|15|15238238208|0|||0|0|206542892.842|125762133.79|24894529.668|12710|0|0|0|2022-05-04 21:06:10.29955+02
97|1651699569.883168|2022-05-04 23:26:09.883168+02|17031|test|36|1048917594|0|2125996209|8975043088|2167515586|1272753942|971960568|221875924|1857|0|15|15238238208|0|||0|0|206574920.816|125782248.78|24901794.965|12712|0|0|0|2022-05-04 21:06:10.29955+02
98|1651699570.900754|2022-05-04 23:26:10.900754+02|17031|test|36|1048979495|0|2126122339|8976155294|2167718208|1272878827|972022325|221937681|1857|0|15|15238238208|0|||0|0|206606953.135|125802231.115|24909145.867|12714|0|0|0|2022-05-04 21:06:10.29955+02
99|1651699571.918546|2022-05-04 23:26:11.918546+02|17031|test|36|1049040015|0|2126245657|8977246925|2167916858|1273000950|972082702|221998058|1857|0|15|15238238208|0|||0|0|206638982.997|125822679.148|24916168.92|12717|0|0|0|2022-05-04 21:06:10.29955+02
100|1651699572.936375|2022-05-04 23:26:12.936375+02|17031|test|36|1049096920|0|2126361527|8978273527|2168108194|1273115843|972139463|222054819|1857|0|15|15238238208|0|||0|0|206671023.037|125844000.523|24922653.652|12719|0|0|0|2022-05-04 21:06:10.29955+02
101|1651699573.954649|2022-05-04 23:26:13.954649+02|17031|test|35|1049161249|0|2126492354|8979429826|2168315303|1273245560|972203651|222119007|1857|0|15|15238238208|0|||0|0|206703053.916|125863477.85|24930321.869|12720|0|0|0|2022-05-04 21:06:10.29955+02
102|1651699574.973362|2022-05-04 23:26:14.973362+02|17031|test|36|1049222051|0|2126616290|8980524845|2168515495|1273368247|972264309|222179665|1857|0|15|15238238208|0|||0|0|206735085.838|125883847.104|24937393.72|12722|0|0|0|2022-05-04 21:06:10.29955+02
103|1651699575.991843|2022-05-04 23:26:15.991843+02|17031|test|36|1049283525|0|2126741527|8981630453|2168717144|1273492278|972325639|222240995|1857|0|15|15238238208|0|||0|0|206767111.576|125903937.77|24944667.415|12724|0|0|0|2022-05-04 21:06:10.29955+02
104|1651699577.009789|2022-05-04 23:26:17.009789+02|17031|test|36|1049344861|0|2126866912|8982736425|2168918655|1273616033|972386831|222302187|1857|0|15|15238238208|0|||0|0|206799139.739|125924187.86|24951832.577|12726|0|0|0|2022-05-04 21:06:10.29955+02
105|1651699578.027647|2022-05-04 23:26:18.027647+02|17031|test|36|1049397668|0|2126974278|8983691560|2169101580|1273722754|972439491|222354847|1857|0|15|15238238208|0|||0|0|206831171.622|125946521.704|24957667.901|12729|0|0|0|2022-05-04 21:06:10.29955+02
106|1651699579.045353|2022-05-04 23:26:19.045353+02|17031|test|36|1049462859|0|2127107061|8984865945|2169311106|1273854195|972504541|222419897|1857|0|15|15238238208|0|||0|0|206863196.405|125965874.77|24965386.507|12730|0|0|0|2022-05-04 21:06:10.29955+02
107|1651699580.063088|2022-05-04 23:26:20.063088+02|17031|test|36|1049526386|0|2127236599|8986009871|2169517483|1273982344|972567923|222483279|1857|0|15|15238238208|0|||0|0|206895227.569|125985589.022|24972880.985|12733|0|0|0|2022-05-04 21:06:10.29955+02
108|1651699581.079721|2022-05-04 23:26:21.079721+02|17031|test|36|1049588680|0|2127363631|8987131615|2169720209|1274107991|972630076|222545432|1857|0|15|15238238208|0|||0|0|206927250.438|126005545.943|24980238.115|12734|0|0|0|2022-05-04 21:06:10.29955+02
109|1651699582.098412|2022-05-04 23:26:22.098412+02|17031|test|36|1049650212|0|2127489260|8988240741|2169922121|1274232138|972691464|222606820|1857|0|15|15238238208|0|||0|0|206959280.437|126025703.09|24987470.063|12736|0|0|0|2022-05-04 21:06:10.29955+02
110|1651699583.116752|2022-05-04 23:26:23.116752+02|17031|test|36|1049703170|0|2127597374|8989197159|2170104494|1274339137|972744278|222659634|1857|0|15|15238238208|0|||0|0|206991320.44|126048073.982|24993263.145|12738|0|0|0|2022-05-04 21:06:10.29955+02
111|1651699584.134614|2022-05-04 23:26:24.134614+02|17031|test|36|1049766272|0|2127725336|8990329620|2170309578|1274466424|972807236|222722592|1857|0|15|15238238208|0|||0|0|207023349.688|126067942.435|25000660.233|12740|0|0|0|2022-05-04 21:06:10.29955+02
112|1651699585.153009|2022-05-04 23:26:25.153009+02|17031|test|36|1049831291|0|2127858036|8991497880|2170519306|1274597545|972872111|222787467|1857|0|15|15238238208|0|||0|0|207055378.469|126087199.562|25008473.515|12742|0|0|0|2022-05-04 21:06:10.29955+02
113|1651699586.170320|2022-05-04 23:26:26.17032+02|17031|test|35|1049893432|0|2127984760|8992612819|2170721466|1274722898|972934110|222849466|1857|0|15|15238238208|0|||0|0|207087408.302|126107239.452|25015766.945|12744|0|0|0|2022-05-04 21:06:10.29955+02
114|1651699587.188889|2022-05-04 23:26:27.188889+02|17031|test|36|1049955483|0|2128111479|8993730494|2170924500|1274848083|972996017|222911373|1857|0|15|15238238208|0|||0|0|207119434.373|126127298.843|25023045.882|12746|0|0|0|2022-05-04 21:06:10.29955+02
115|1651699588.207349|2022-05-04 23:26:28.207349+02|17031|test|36|1050013719|0|2128230082|8994780911|2171119718|1274965650|973054107|222969463|1857|0|15|15238238208|0|||0|0|207151465.821|126148465.808|25029593.343|12748|0|0|0|2022-05-04 21:06:10.29955+02
116|1651699589.224446|2022-05-04 23:26:29.224446+02|17031|test|36|1050070491|0|2128345678|8995804365|2171309683|1275080265|973110737|223026093|1857|0|15|15238238208|0|||0|0|207183490.646|126169849.188|25035998.936|12750|0|0|0|2022-05-04 21:06:10.29955+02
117|1651699590.243647|2022-05-04 23:26:30.243647+02|17031|test|36|1050158195|0|2128524039|8997369525|2171571057|1275256768|973198296|223113652|1857|0|15|15238238208|0|||0|0|207226526.043|126195664.117|25046531.025|12753|0|0|0|2022-05-04 21:06:10.29955+02
118|1651699591.261412|2022-05-04 23:26:31.261412+02|17031|test|36|1050229907|0|2128671044|8998655280|2171795160|1275401251|973269867|223185223|1857|0|15|15238238208|0|||0|0|207263051.229|126218379.738|25054926.18|12754|0|0|0|2022-05-04 21:06:10.29955+02
119|1651699592.279570|2022-05-04 23:26:32.27957+02|17031|test|36|1050293575|0|2128800747|8999801824|2172001787|1275529670|973333391|223248747|1857|0|15|15238238208|0|||0|0|207295581.042|126238667.19|25062374.112|12756|0|0|0|2022-05-04 21:06:10.29955+02
120|1651699593.298031|2022-05-04 23:26:33.298031+02|17031|test|35|1050351188|0|2128918080|9000841181|2172194613|1275645979|973390860|223306216|1857|0|15|15238238208|0|||0|0|207327609.436|126259956.775|25068856.194|12758|0|0|0|2022-05-04 21:06:10.29955+02
121|1651699594.315181|2022-05-04 23:26:34.315181+02|17031|test|36|1050408523|0|2129034818|9001872480|2172387359|1275761756|973448048|223363404|1857|0|15|15238238208|0|||0|0|207359649.578|126281220.07|25075366.523|12761|0|0|0|2022-05-04 21:06:10.29955+02
122|1651699595.333420|2022-05-04 23:26:35.33342+02|17031|test|36|1050473540|0|2129167157|9003041235|2172596087|1275892849|973512924|223428280|1857|0|15|15238238208|0|||0|0|207391673.749|126300553.091|25083114.035|12762|0|0|0|2022-05-04 21:06:10.29955+02
123|1651699596.352043|2022-05-04 23:26:36.352043+02|17031|test|36|1050536967|0|2129296229|9004181687|2172802098|1276020786|973576207|223491563|1857|0|15|15238238208|0|||0|0|207423700.459|126320339.669|25090566.63|12764|0|0|0|2022-05-04 21:06:10.29955+02
124|1651699597.370035|2022-05-04 23:26:37.370035+02|17031|test|36|1050596278|0|2129417241|9005250179|2172999042|1276140503|973635373|223550729|1857|0|15|15238238208|0|||0|0|207455734.105|126341197.917|25097327.756|12767|0|0|0|2022-05-04 21:06:10.29955+02
125|1651699598.388202|2022-05-04 23:26:38.388202+02|17031|test|36|1050658785|0|2129544695|9006372619|2173202798|1276266588|973697737|223613093|1857|0|15|15238238208|0|||0|0|207487767.008|126361188.45|25104635.526|12768|0|0|0|2022-05-04 21:06:10.29955+02
126|1651699599.406450|2022-05-04 23:26:39.40645+02|17031|test|36|1050713587|0|2129656136|9007363110|2173389207|1276377275|973752395|223667751|1857|0|15|15238238208|0|||0|0|207519797.053|126383133.516|25110675.693|12770|0|0|0|2022-05-04 21:06:10.29955+02
127|1651699600.424386|2022-05-04 23:26:40.424386+02|17031|test|36|1050778734|0|2129788913|9008532635|2173598245|1276508640|973817400|223732756|1857|0|15|15238238208|0|||0|0|207551822.534|126402429.145|25118435.826|12772|0|0|0|2022-05-04 21:06:10.29955+02
128|1651699601.442629|2022-05-04 23:26:41.442629+02|17031|test|36|1050842259|0|2129918712|9009677053|2173804817|1276636773|973880781|223796137|1857|0|15|15238238208|0|||0|0|207583850.822|126422121.901|25125948.023|12774|0|0|0|2022-05-04 21:06:10.29955+02
129|1651699602.460430|2022-05-04 23:26:42.46043+02|17031|test|36|1050903273|0|2130043320|9010775999|2174005509|1276759896|973941650|223857006|1857|0|15|15238238208|0|||0|0|207615881.61|126442489.477|25133027.324|12777|0|0|0|2022-05-04 21:06:10.29955+02
130|1651699603.478038|2022-05-04 23:26:43.478038+02|17031|test|36|1050964052|0|2130167301|9011868136|2174205511|1276882537|974002285|223917641|1857|0|15|15238238208|0|||0|0|207647911.039|126462884.777|25140072.777|12779|0|0|0|2022-05-04 21:06:10.29955+02
131|1651699604.495056|2022-05-04 23:26:44.495056+02|17031|test|36|1051017427|0|2130276092|9012833481|2174388751|1276990358|974055517|223970873|1857|0|15|15238238208|0|||0|0|207679936.652|126485110.078|25145948.921|12780|0|0|0|2022-05-04 21:06:10.29955+02
132|1651699605.512187|2022-05-04 23:26:45.512187+02|17031|test|36|1051082487|0|2130408805|9014001288|2174597643|1277121549|974120435|224035791|1857|0|15|15238238208|0|||0|0|207711962.84|126504403.892|25153713.538|12782|0|0|0|2022-05-04 21:06:10.29955+02
133|1651699606.530764|2022-05-04 23:26:46.530764+02|17031|test|36|1051146170|0|2130538650|9015143681|2174804255|1277249998|974183974|224099330|1857|0|15|15238238208|0|||0|0|207743988.926|126524061.715|25161255.953|12784|0|0|0|2022-05-04 21:06:10.29955+02
134|1651699607.548928|2022-05-04 23:26:47.548928+02|17031|test|35|1051207893|0|2130664371|9016251312|2175005395|1277374515|974245555|224160911|1857|0|15|15238238208|0|||0|0|207776021.654|126544276.936|25168435.47|12786|0|0|0|2022-05-04 21:06:10.29955+02
135|1651699608.567021|2022-05-04 23:26:48.567021+02|17031|test|36|1051269231|0|2130789311|9017353815|2175206524|1277498274|974306749|224222105|1857|0|15|15238238208|0|||0|0|207808049.452|126564478.486|25175633.71|12788|0|0|0|2022-05-04 21:06:10.29955+02
136|1651699609.583546|2022-05-04 23:26:49.583546+02|17031|test|36|1051322837|0|2130898328|9018320419|2175390138|1277606569|974360211|224275567|1857|0|15|15238238208|0|||0|0|207840077.928|126586657.461|25181536.604|12790|0|0|0|2022-05-04 21:06:10.29955+02
137|1651699610.602213|2022-05-04 23:26:50.602213+02|17031|test|36|1051388346|0|2131031795|9019496610|2175600896|1277738670|974425576|224340932|1857|0|15|15238238208|0|||0|0|207872103.968|126605860.556|25189364.484|12792|0|0|0|2022-05-04 21:06:10.29955+02
138|1651699611.619792|2022-05-04 23:26:51.619792+02|17031|test|36|1051451803|0|2131160784|9020634617|2175806852|1277866679|974488888|224404244|1857|0|15|15238238208|0|||0|0|207904137.442|126625539.904|25196912.087|12795|0|0|0|2022-05-04 21:06:10.29955+02
139|1651699612.636936|2022-05-04 23:26:52.636936+02|17031|test|35|1051514190|0|2131287638|9021757132|2176009628|1277992512|974551134|224466490|1857|0|15|15238238208|0|||0|0|207936162.676|126645535.958|25204237.814|12796|0|0|0|2022-05-04 21:06:10.29955+02
140|1651699613.654881|2022-05-04 23:26:53.654881+02|17031|test|36|1051574454|0|2131410269|9022841356|2176208483|1278114123|974611254|224526610|1857|0|15|15238238208|0|||0|0|207968191.673|126666072.386|25211200.601|12798|0|0|0|2022-05-04 21:06:10.29955+02
141|1651699614.671961|2022-05-04 23:26:54.671961+02|17031|test|36|1051627618|0|2131518716|9023801215|2176392126|1278221546|974664272|224579628|1857|0|15|15238238208|0|||0|0|208000219.13|126688443.518|25216990.332|12800|0|0|0|2022-05-04 21:06:10.29955+02
142|1651699615.690629|2022-05-04 23:26:55.690629+02|17031|test|36|1051692904|0|2131651682|9024972939|2176601340|1278353189|974729416|224644772|1857|0|15|15238238208|0|||0|0|208032244.812|126707777.837|25224725.809|12802|0|0|0|2022-05-04 21:06:10.29955+02
143|1651699616.709070|2022-05-04 23:26:56.70907+02|17031|test|36|1051757591|0|2131783618|9026133944|2176810317|1278483646|974793959|224709315|1857|0|15|15238238208|0|||0|0|208064276.345|126727101.23|25232496.389|12804|0|0|0|2022-05-04 21:06:10.29955+02
144|1651699617.726508|2022-05-04 23:26:57.726508+02|17031|test|35|1051818624|0|2131907758|9027228471|2177009586|1278606783|974854850|224770206|1857|0|15|15238238208|0|||0|0|208096303.115|126747461.561|25239574.76|12806|0|0|0|2022-05-04 21:06:10.29955+02
145|1651699618.744894|2022-05-04 23:26:58.744894+02|17031|test|35|1051880047|0|2132032835|9028333809|2177210882|1278730712|974916129|224831485|1857|0|15|15238238208|0|||0|0|208128333.532|126767677.768|25246750.706|12808|0|0|0|2022-05-04 21:06:10.29955+02
146|1651699619.762637|2022-05-04 23:26:59.762637+02|17031|test|36|1051952653|0|2132180916|9029633929|2177438649|1278877019|974988589|224903945|1857|0|15|15238238208|0|||0|0|208169867.658|126795803.331|25254806.377|12810|0|0|0|2022-05-04 21:06:10.29955+02
147|1651699620.780579|2022-05-04 23:27:00.780579+02|17031|test|36|1052030295|0|2132339420|9031020874|2177676012|1279033374|975066089|224981445|1857|0|15|15238238208|0|||0|0|208208397.6|126819116.549|25264106.434|12812|0|0|0|2022-05-04 21:06:10.29955+02
148|1651699621.798880|2022-05-04 23:27:01.79888+02|17031|test|36|1052092565|0|2132465987|9032139999|2177879357|1279158997|975128215|225043571|1857|0|15|15238238208|0|||0|0|208240424.996|126839102.748|25271452.105|12814|0|0|0|2022-05-04 21:06:10.29955+02
149|1651699622.817229|2022-05-04 23:27:02.817229+02|17031|test|35|1052154464|0|2132592086|9033251491|2178081053|1279283866|975189972|225105328|1857|0|15|15238238208|0|||0|0|208272450.692|126859236.302|25278678.375|12816|0|0|0|2022-05-04 21:06:10.29955+02
150|1651699623.835367|2022-05-04 23:27:03.835367+02|17031|test|35|1052214257|0|2132713806|9034325928|2178278714|1279404535|975249621|225164977|1857|0|15|15238238208|0|||0|0|208304478.392|126879761.182|25285668.889|12818|0|0|0|2022-05-04 21:06:10.29955+02
151|1651699624.853879|2022-05-04 23:27:04.853879+02|17031|test|36|1052268551|0|2132824565|9035304141|2178464620|1279514230|975303768|225219124|1857|0|15|15238238208|0|||0|0|208336514.6|126901863.79|25291622.052|12821|0|0|0|2022-05-04 21:06:10.29955+02
152|1651699625.872224|2022-05-04 23:27:05.872224+02|17031|test|36|1052333458|0|2132956801|9036467200|2178673078|1279645103|975368534|225283890|1857|0|15|15238238208|0|||0|0|208368545.9|126921203.552|25299374.113|12822|0|0|0|2022-05-04 21:06:10.29955+02
153|1651699626.890601|2022-05-04 23:27:06.890601+02|17031|test|36|1052396519|0|2133085489|9037600723|2178878380|1279772308|975431451|225346807|1857|0|15|15238238208|0|||0|0|208400573.839|126941034.836|25306811.948|12824|0|0|0|2022-05-04 21:06:10.29955+02
154|1651699627.909120|2022-05-04 23:27:07.90912+02|17031|test|35|1052457003|0|2133208960|9038686415|2179076759|1279894347|975491793|225407149|1857|0|15|15238238208|0|||0|0|208432600.821|126961489.537|25313838.632|12826|0|0|0|2022-05-04 21:06:10.29955+02
155|1651699628.926600|2022-05-04 23:27:08.9266+02|17031|test|36|1052516553|0|2133330216|9039757151|2179274755|1280014554|975551196|225466552|1857|0|15|15238238208|0|||0|0|208464635.254|126982064.983|25320798.704|12829|0|0|0|2022-05-04 21:06:10.29955+02
156|1651699629.943184|2022-05-04 23:27:09.943184+02|17031|test|36|1052569592|0|2133438336|9040716087|2179457148|1280121703|975604092|225519448|1857|0|15|15238238208|0|||0|0|208496660.802|127004466.872|25326553.322|12830|0|0|0|2022-05-04 21:06:10.29955+02
157|1651699630.961344|2022-05-04 23:27:10.961344+02|17031|test|35|1052634472|0|2133570218|9041878210|2179665434|1280252534|975668830|225584186|1857|0|15|15238238208|0|||0|0|208528690.743|127023796.376|25334309.37|12832|0|0|0|2022-05-04 21:06:10.29955+02
158|1651699631.980639|2022-05-04 23:27:11.980639+02|17031|test|36|1052697782|0|2133699129|9043011433|2179870827|1280380237|975731996|225647352|1857|0|15|15238238208|0|||0|0|208560720.936|127043537.374|25341786.963|12834|0|0|0|2022-05-04 21:06:10.29955+02
159|1651699632.998666|2022-05-04 23:27:12.998666+02|17031|test|36|1052758336|0|2133822293|9044099956|2180070100|1280502428|975792406|225707762|1857|0|15|15238238208|0|||0|0|208592753.704|127063996.997|25348786.941|12836|0|0|0|2022-05-04 21:06:10.29955+02
160|1651699634.017380|2022-05-04 23:27:14.01738+02|17031|test|36|1052817496|0|2133942893|9045163432|2180266316|1280621831|975851422|225766778|1857|0|15|15238238208|0|||0|0|208624782.716|127084683.969|25355674.473|12838|0|0|0|2022-05-04 21:06:10.29955+02
161|1651699635.035077|2022-05-04 23:27:15.035077+02|17031|test|36|1052870739|0|2134051066|9046124718|2180450011|1280729424|975904518|225819874|1857|0|15|15238238208|0|||0|0|208656815.081|127107051.748|25361455.049|12841|0|0|0|2022-05-04 21:06:10.29955+02
162|1651699636.053158|2022-05-04 23:27:16.053158+02|17031|test|36|1052935563|0|2134183163|9047287311|2180658216|1280860131|975969201|225884557|1857|0|15|15238238208|0|||0|0|208688839.906|127126383.974|25369213.685|12842|0|0|0|2022-05-04 21:06:10.29955+02
163|1651699637.071434|2022-05-04 23:27:17.071434+02|17031|test|36|1052998643|0|2134311689|9048418410|2180863421|1280987374|976032137|225947493|1857|0|15|15238238208|0|||0|0|208720868.517|127146140.502|25376698.532|12844|0|0|0|2022-05-04 21:06:10.29955+02
164|1651699638.089341|2022-05-04 23:27:18.089341+02|17031|test|35|1053060104|0|2134436622|9049520097|2181063936|1281111367|976093456|226008812|1857|0|15|15238238208|0|||0|0|208752894.338|127166389.944|25383849.69|12846|0|0|0|2022-05-04 21:06:10.29955+02
165|1651699639.106984|2022-05-04 23:27:19.106984+02|17031|test|36|1053118173|0|2134554635|9050564345|2181257557|1281228588|976151381|226066737|1857|0|15|15238238208|0|||0|0|208784921.736|127187341.122|25390549.805|12848|0|0|0|2022-05-04 21:06:10.29955+02
166|1651699640.125205|2022-05-04 23:27:20.125205+02|17031|test|36|1053174109|0|2134668559|9051570421|2181447302|1281341567|976207170|226122526|1857|0|15|15238238208|0|||0|0|208817000.242|127209191.776|25396682.16|12851|0|0|0|2022-05-04 21:06:10.29955+02
167|1651699641.143382|2022-05-04 23:27:21.143382+02|17031|test|36|1053237250|0|2134796940|9052701249|2181651488|1281468908|976270170|226185526|1857|0|15|15238238208|0|||0|0|208849024.789|127228900.311|25404189.298|12852|0|0|0|2022-05-04 21:06:10.29955+02
168|1651699642.160802|2022-05-04 23:27:22.160802+02|17031|test|36|1053300658|0|2134925912|9053838603|2181857315|1281596807|976333434|226248790|1857|0|15|15238238208|0|||0|0|208881055.02|127248534.15|25411765.158|12854|0|0|0|2022-05-04 21:06:10.29955+02
169|1651699643.178299|2022-05-04 23:27:23.178299+02|17031|test|36|1053362010|0|2135051196|9054940171|2182058516|1281720594|976394642|226309998|1857|0|15|15238238208|0|||0|0|208913081.019|127268689.75|25418994.22|12856|0|0|0|2022-05-04 21:06:10.29955+02
170|1651699644.196275|2022-05-04 23:27:24.196275+02|17031|test|36|1053421296|0|2135171743|9056005414|2182254994|1281840249|976453784|226369140|1857|0|15|15238238208|0|||0|0|208945111.385|127289466.634|25425809.883|12858|0|0|0|2022-05-04 21:06:10.29955+02
171|1651699645.214826|2022-05-04 23:27:25.214826+02|17031|test|36|1053478801|0|2135288828|9057038727|2182447309|1281956342|976511145|226426501|1857|0|15|15238238208|0|||0|0|208977140.467|127310607.416|25432395.729|12860|0|0|0|2022-05-04 21:06:10.29955+02
172|1651699646.232477|2022-05-04 23:27:26.232477+02|17031|test|36|1053536007|0|2135405904|9058069636|2182639352|1282071849|976568206|226483562|1857|0|15|15238238208|0|||0|0|209009168.699|127332001.474|25438809.256|12863|0|0|0|2022-05-04 21:06:10.29955+02
173|1651699647.249837|2022-05-04 23:27:27.249837+02|17031|test|35|1053600922|0|2135537592|9059231420|2182847512|1282202738|976632980|226548336|1857|0|15|15238238208|0|||0|0|209041193.287|127351336.284|25446554.539|12864|0|0|0|2022-05-04 21:06:10.29955+02
174|1651699648.268694|2022-05-04 23:27:28.268694+02|17031|test|35|1053661899|0|2135661615|9060325093|2183047820|1282325775|976693813|226609169|1857|0|15|15238238208|0|||0|0|209073225.516|127371719.335|25453625.339|12866|0|0|0|2022-05-04 21:06:10.29955+02
175|1651699649.286757|2022-05-04 23:27:29.286757+02|17031|test|36|1053749728|0|2135840582|9061888460|2183309896|1282502540|976781495|226696851|1857|0|15|15238238208|0|||0|0|209120767.82|127402397.659|25463854.57|12869|0|0|0|2022-05-04 21:06:10.29955+02
176|1651699650.304982|2022-05-04 23:27:30.304982+02|17031|test|36|1053804872|0|2135952780|9062881980|2183496943|1282613899|976836496|226751852|1857|0|15|15238238208|0|||0|0|209153302.262|127424878.854|25469863.482|12870|0|0|0|2022-05-04 21:06:10.29955+02
177|1651699651.323324|2022-05-04 23:27:31.323324+02|17031|test|36|1053869374|0|2136083824|9064039703|2183705188|1282743998|976900853|226816209|1857|0|15|15238238208|0|||0|0|209185332.177|127444287.513|25477586.323|12873|0|0|0|2022-05-04 21:06:10.29955+02
178|1651699652.341698|2022-05-04 23:27:32.341698+02|17031|test|35|1053932686|0|2136212676|9065174926|2183909914|1282871681|976964024|226879380|1857|0|15|15238238208|0|||0|0|209217356.56|127464054.933|25485052.026|12874|0|0|0|2022-05-04 21:06:10.29955+02
179|1651699653.358969|2022-05-04 23:27:33.358969+02|17031|test|35|1053994398|0|2136338300|9066281248|2184111836|1282996188|977025592|226940948|1857|0|15|15238238208|0|||0|0|209249382.164|127484245.441|25492254.524|12876|0|0|0|2022-05-04 21:06:10.29955+02
180|1651699654.376344|2022-05-04 23:27:34.376344+02|17031|test|36|1054051502|0|2136454431|9067308090|2184303276|1283111479|977082552|226997908|1857|0|15|15238238208|0|||0|0|209281416.992|127505436.246|25498832.873|12878|0|0|0|2022-05-04 21:06:10.29955+02
181|1651699655.393448|2022-05-04 23:27:35.393448+02|17031|test|36|1054108915|0|2136571335|9068341409|2184495490|1283227388|977139821|227055177|1857|0|15|15238238208|0|||0|0|209313447.529|127526871.648|25505202.468|12880|0|0|0|2022-05-04 21:06:10.29955+02
182|1651699656.410281|2022-05-04 23:27:36.410281+02|17031|test|36|1054170735|0|2136696973|9069451135|2184697692|1283352123|977201496|227116852|1857|0|15|15238238208|0|||0|0|209345475.077|127546980.806|25512459.133|12883|0|0|0|2022-05-04 21:06:10.29955+02
183|1651699657.428457|2022-05-04 23:27:37.428457+02|17031|test|35|1054235602|0|2136829054|9070615286|2184906160|1283482916|977266222|227181578|1857|0|15|15238238208|0|||0|0|209377500.447|127566269.942|25520240.601|12884|0|0|0|2022-05-04 21:06:10.29955+02
184|1651699658.447048|2022-05-04 23:27:38.447048+02|17031|test|35|1054294692|0|2136949328|9071675434|2185102150|1283602179|977325168|227240524|1857|0|15|15238238208|0|||0|0|209409532.072|127587163.835|25526965.842|12886|0|0|0|2022-05-04 21:06:10.29955+02
185|1651699659.464903|2022-05-04 23:27:39.464903+02|17031|test|36|1054356385|0|2137074949|9072784385|2185304029|1283726648|977386717|227302073|1857|0|15|15238238208|0|||0|0|209441562.44|127607341.352|25534165.643|12888|0|0|0|2022-05-04 21:06:10.29955+02
186|1651699660.482053|2022-05-04 23:27:40.482053+02|17031|test|35|1054414441|0|2137193042|9073826638|2185497703|1283843843|977444629|227359985|1857|0|15|15238238208|0|||0|0|209473590.162|127628293.397|25540871.71|12890|0|0|0|2022-05-04 21:06:10.29955+02
187|1651699661.499967|2022-05-04 23:27:41.499967+02|17031|test|35|1054471443|0|2137309081|9074851872|2185688960|1283958930|977501487|227416843|1857|0|15|15238238208|0|||0|0|209505616.183|127649679.728|25547280.708|12892|0|0|0|2022-05-04 21:06:10.29955+02
188|1651699662.517868|2022-05-04 23:27:42.517868+02|17031|test|36|1054536600|0|2137442156|9076022859|2185899011|1284090339|977566499|227481855|1857|0|15|15238238208|0|||0|0|209537649.615|127668915.136|25555103.369|12895|0|0|0|2022-05-04 21:06:10.29955+02
189|1651699663.535815|2022-05-04 23:27:43.535815+02|17031|test|36|1054598860|0|2137568970|9077141558|2186101421|1284215918|977628618|227543974|1857|0|15|15238238208|0|||0|0|209569673.794|127688940.565|25562408.29|12896|0|0|0|2022-05-04 21:06:10.29955+02
190|1651699664.553762|2022-05-04 23:27:44.553762+02|17031|test|36|1054659677|0|2137692558|9078232078|2186301230|1284338635|977689291|227604647|1857|0|15|15238238208|0|||0|0|209601702.915|127709305.979|25569483.643|12898|0|0|0|2022-05-04 21:06:10.29955+02
191|1651699665.571097|2022-05-04 23:27:45.571097+02|17031|test|36|1054719146|0|2137813824|9079299908|2186498010|1284458656|977748616|227663972|1857|0|15|15238238208|0|||0|0|209633733.384|127729893.193|25576438.5|12900|0|0|0|2022-05-04 21:06:10.29955+02
192|1651699666.588138|2022-05-04 23:27:46.588138+02|17031|test|36|1054774123|0|2137925909|9080289807|2186684815|1284569693|977803449|227718805|1857|0|15|15238238208|0|||0|0|209665759.444|127751849.769|25582480.656|12902|0|0|0|2022-05-04 21:06:10.29955+02
193|1651699667.605681|2022-05-04 23:27:47.605681+02|17031|test|36|1054838609|0|2138057505|9081443347|2186892194|1284699736|977867793|227783149|1857|0|15|15238238208|0|||0|0|209697785.629|127771235.123|25590209.661|12904|0|0|0|2022-05-04 21:06:10.29955+02
194|1651699668.622804|2022-05-04 23:27:48.622804+02|17031|test|36|1054900703|0|2138183753|9082556864|2187095020|1284825019|977929742|227845098|1857|0|15|15238238208|0|||0|0|209729817.696|127791301.675|25597484.059|12907|0|0|0|2022-05-04 21:06:10.29955+02
195|1651699669.639372|2022-05-04 23:27:49.639372+02|17031|test|35|1054962677|0|2138309765|9083667042|2187296527|1284950026|977991575|227906931|1857|0|15|15238238208|0|||0|0|209761839.605|127811346.757|25604774.31|12908|0|0|0|2022-05-04 21:06:10.29955+02
196|1651699670.657320|2022-05-04 23:27:50.65732+02|17031|test|36|1055020430|0|2138427097|9084702825|2187489254|1285066615|978049184|227964540|1857|0|15|15238238208|0|||0|0|209793867.82|127832366.672|25611447.358|12910|0|0|0|2022-05-04 21:06:10.29955+02
197|1651699671.674537|2022-05-04 23:27:51.674537+02|17031|test|36|1055075952|0|2138539592|9085696452|2187676610|1285178742|978104562|228019918|1857|0|15|15238238208|0|||0|0|209825897.525|127854188.239|25617557.418|12912|0|0|0|2022-05-04 21:06:10.29955+02
198|1651699672.692378|2022-05-04 23:27:52.692378+02|17031|test|36|1055141146|0|2138671861|9086860251|2187886121|1285310213|978169612|228084968|1857|0|15|15238238208|0|||0|0|209857931.665|127873425.776|25625361.023|12914|0|0|0|2022-05-04 21:06:10.29955+02
199|1651699673.710686|2022-05-04 23:27:53.710686+02|17031|test|36|1055204469|0|2138800711|9087994806|2188091560|1285437942|978232791|228148147|1857|0|15|15238238208|0|||0|0|209889960.802|127893117.529|25632884.787|12916|0|0|0|2022-05-04 21:06:10.29955+02
200|1651699674.729557|2022-05-04 23:27:54.729557+02|17031|test|35|1055265696|0|2138925129|9089090993|2188291335|1285561467|978293876|228209232|1857|0|15|15238238208|0|||0|0|209921990.63|127913404.471|25640020.042|12918|0|0|0|2022-05-04 21:06:10.29955+02
201|1651699675.747638|2022-05-04 23:27:55.747638+02|17031|test|36|1055325408|0|2139046692|9090160853|2188488338|1285681974|978353444|228268800|1857|0|15|15238238208|0|||0|0|209954020.221|127933944.34|25647005.475|12920|0|0|0|2022-05-04 21:06:10.29955+02
202|1651699676.765313|2022-05-04 23:27:56.765313+02|17031|test|4|1055355275|0|2139107335|9090689304|2188573085|1285742179|978383269|228298625|1857|0|15|15238238208|0|||0|0|209970039.349|127944177.181|25650532.27|12922|0|0|0|2022-05-04 21:06:10.29955+02
203|1651699698.007972|2022-05-04 23:28:18.007972+02|17031|test|4|1055355275|0|2139107335|9090689304|2188573085|1285742179|978383269|228298625|1857|0|15|15238238208|0|||0|0|209970039.349|127944177.181|25650532.27|12922|0|0|0|2022-05-04 21:06:10.29955+02
204|1651699719.247173|2022-05-04 23:28:39.247173+02|17031|test|4|1055355275|0|2139107335|9090689304|2188573085|1285742179|978383269|228298625|1857|0|15|15238238208|0|||0|0|209970039.349|127944177.181|25650532.27|12922|0|0|0|2022-05-04 21:06:10.29955+02
psql: error: connection to server on socket "/tmp/.s.PGSQL.5432" failed: FATAL:  the database system is shutting down
psql: error: connection to server on socket "/tmp/.s.PGSQL.5432" failed: FATAL:  the database system is shutting down
psql: error: connection to server on socket "/tmp/.s.PGSQL.5432" failed: FATAL:  the database system is shutting down
psql: error: connection to server on socket "/tmp/.s.PGSQL.5432" failed: server closed the connection unexpectedly
	This probably means the server terminated abnormally
	before or while processing the request.
psql: error: connection to server on socket "/tmp/.s.PGSQL.5432" failed: No such file or directory
	Is the server running locally and accepting connections on that socket?
psql: error: connection to server on socket "/tmp/.s.PGSQL.5432" failed: No such file or directory
	Is the server running locally and accepting connections on that socket?
psql: error: connection to server on socket "/tmp/.s.PGSQL.5432" failed: No such file or directory
	Is the server running locally and accepting connections on that socket?
psql: error: connection to server on socket "/tmp/.s.PGSQL.5432" failed: No such file or directory
	Is the server running locally and accepting connections on that socket?
psql: error: connection to server on socket "/tmp/.s.PGSQL.5432" failed: No such file or directory
	Is the server running locally and accepting connections on that socket?
psql: error: connection to server on socket "/tmp/.s.PGSQL.5432" failed: No such file or directory
	Is the server running locally and accepting connections on that socket?
psql: error: connection to server on socket "/tmp/.s.PGSQL.5432" failed: No such file or directory
	Is the server running locally and accepting connections on that socket?
psql: error: connection to server on socket "/tmp/.s.PGSQL.5432" failed: No such file or directory
	Is the server running locally and accepting connections on that socket?
psql: error: connection to server on socket "/tmp/.s.PGSQL.5432" failed: No such file or directory
	Is the server running locally and accepting connections on that socket?
psql: error: connection to server on socket "/tmp/.s.PGSQL.5432" failed: No such file or directory
	Is the server running locally and accepting connections on that socket?
psql: error: connection to server on socket "/tmp/.s.PGSQL.5432" failed: No such file or directory
	Is the server running locally and accepting connections on that socket?
psql: error: connection to server on socket "/tmp/.s.PGSQL.5432" failed: No such file or directory
	Is the server running locally and accepting connections on that socket?
psql: error: connection to server on socket "/tmp/.s.PGSQL.5432" failed: No such file or directory
	Is the server running locally and accepting connections on that socket?
psql: error: connection to server on socket "/tmp/.s.PGSQL.5432" failed: No such file or directory
	Is the server running locally and accepting connections on that socket?
psql: error: connection to server on socket "/tmp/.s.PGSQL.5432" failed: No such file or directory
	Is the server running locally and accepting connections on that socket?
psql: error: connection to server on socket "/tmp/.s.PGSQL.5432" failed: No such file or directory
	Is the server running locally and accepting connections on that socket?
psql: error: connection to server on socket "/tmp/.s.PGSQL.5432" failed: No such file or directory
	Is the server running locally and accepting connections on that socket?
psql: error: connection to server on socket "/tmp/.s.PGSQL.5432" failed: No such file or directory
	Is the server running locally and accepting connections on that socket?
psql: error: connection to server on socket "/tmp/.s.PGSQL.5432" failed: No such file or directory
	Is the server running locally and accepting connections on that socket?
psql: error: connection to server on socket "/tmp/.s.PGSQL.5432" failed: No such file or directory
	Is the server running locally and accepting connections on that socket?
psql: error: connection to server on socket "/tmp/.s.PGSQL.5432" failed: No such file or directory
	Is the server running locally and accepting connections on that socket?
psql: error: connection to server on socket "/tmp/.s.PGSQL.5432" failed: No such file or directory
	Is the server running locally and accepting connections on that socket?
psql: error: connection to server on socket "/tmp/.s.PGSQL.5432" failed: No such file or directory
	Is the server running locally and accepting connections on that socket?
psql: error: connection to server on socket "/tmp/.s.PGSQL.5432" failed: No such file or directory
	Is the server running locally and accepting connections on that socket?
psql: error: connection to server on socket "/tmp/.s.PGSQL.5432" failed: No such file or directory
	Is the server running locally and accepting connections on that socket?
psql: error: connection to server on socket "/tmp/.s.PGSQL.5432" failed: No such file or directory
	Is the server running locally and accepting connections on that socket?
psql: error: connection to server on socket "/tmp/.s.PGSQL.5432" failed: No such file or directory
	Is the server running locally and accepting connections on that socket?
psql: error: connection to server on socket "/tmp/.s.PGSQL.5432" failed: No such file or directory
	Is the server running locally and accepting connections on that socket?
psql: error: connection to server on socket "/tmp/.s.PGSQL.5432" failed: No such file or directory
	Is the server running locally and accepting connections on that socket?
psql: error: connection to server on socket "/tmp/.s.PGSQL.5432" failed: No such file or directory
	Is the server running locally and accepting connections on that socket?
psql: error: connection to server on socket "/tmp/.s.PGSQL.5432" failed: No such file or directory
	Is the server running locally and accepting connections on that socket?
psql: error: connection to server on socket "/tmp/.s.PGSQL.5432" failed: No such file or directory
	Is the server running locally and accepting connections on that socket?
psql: error: connection to server on socket "/tmp/.s.PGSQL.5432" failed: No such file or directory
	Is the server running locally and accepting connections on that socket?
psql: error: connection to server on socket "/tmp/.s.PGSQL.5432" failed: No such file or directory
	Is the server running locally and accepting connections on that socket?
psql: error: connection to server on socket "/tmp/.s.PGSQL.5432" failed: No such file or directory
	Is the server running locally and accepting connections on that socket?
psql: error: connection to server on socket "/tmp/.s.PGSQL.5432" failed: No such file or directory
	Is the server running locally and accepting connections on that socket?
psql: error: connection to server on socket "/tmp/.s.PGSQL.5432" failed: No such file or directory
	Is the server running locally and accepting connections on that socket?
psql: error: connection to server on socket "/tmp/.s.PGSQL.5432" failed: No such file or directory
	Is the server running locally and accepting connections on that socket?
psql: error: connection to server on socket "/tmp/.s.PGSQL.5432" failed: No such file or directory
	Is the server running locally and accepting connections on that socket?
psql: error: connection to server on socket "/tmp/.s.PGSQL.5432" failed: No such file or directory
	Is the server running locally and accepting connections on that socket?
psql: error: connection to server on socket "/tmp/.s.PGSQL.5432" failed: No such file or directory
	Is the server running locally and accepting connections on that socket?
psql: error: connection to server on socket "/tmp/.s.PGSQL.5432" failed: No such file or directory
	Is the server running locally and accepting connections on that socket?
psql: error: connection to server on socket "/tmp/.s.PGSQL.5432" failed: No such file or directory
	Is the server running locally and accepting connections on that socket?
psql: error: connection to server on socket "/tmp/.s.PGSQL.5432" failed: No such file or directory
	Is the server running locally and accepting connections on that socket?
psql: error: connection to server on socket "/tmp/.s.PGSQL.5432" failed: No such file or directory
	Is the server running locally and accepting connections on that socket?
psql: error: connection to server on socket "/tmp/.s.PGSQL.5432" failed: No such file or directory
	Is the server running locally and accepting connections on that socket?
psql: error: connection to server on socket "/tmp/.s.PGSQL.5432" failed: No such file or directory
	Is the server running locally and accepting connections on that socket?
psql: error: connection to server on socket "/tmp/.s.PGSQL.5432" failed: No such file or directory
	Is the server running locally and accepting connections on that socket?
psql: error: connection to server on socket "/tmp/.s.PGSQL.5432" failed: No such file or directory
	Is the server running locally and accepting connections on that socket?
psql: error: connection to server on socket "/tmp/.s.PGSQL.5432" failed: No such file or directory
	Is the server running locally and accepting connections on that socket?
psql: error: connection to server on socket "/tmp/.s.PGSQL.5432" failed: No such file or directory
	Is the server running locally and accepting connections on that socket?
psql: error: connection to server on socket "/tmp/.s.PGSQL.5432" failed: No such file or directory
	Is the server running locally and accepting connections on that socket?
psql: error: connection to server on socket "/tmp/.s.PGSQL.5432" failed: No such file or directory
	Is the server running locally and accepting connections on that socket?
psql: error: connection to server on socket "/tmp/.s.PGSQL.5432" failed: No such file or directory
	Is the server running locally and accepting connections on that socket?
psql: error: connection to server on socket "/tmp/.s.PGSQL.5432" failed: No such file or directory
	Is the server running locally and accepting connections on that socket?
psql: error: connection to server on socket "/tmp/.s.PGSQL.5432" failed: No such file or directory
	Is the server running locally and accepting connections on that socket?
psql: error: connection to server on socket "/tmp/.s.PGSQL.5432" failed: No such file or directory
	Is the server running locally and accepting connections on that socket?
psql: error: connection to server on socket "/tmp/.s.PGSQL.5432" failed: No such file or directory
	Is the server running locally and accepting connections on that socket?
psql: error: connection to server on socket "/tmp/.s.PGSQL.5432" failed: No such file or directory
	Is the server running locally and accepting connections on that socket?
psql: error: connection to server on socket "/tmp/.s.PGSQL.5432" failed: No such file or directory
	Is the server running locally and accepting connections on that socket?
psql: error: connection to server on socket "/tmp/.s.PGSQL.5432" failed: No such file or directory
	Is the server running locally and accepting connections on that socket?
psql: error: connection to server on socket "/tmp/.s.PGSQL.5432" failed: No such file or directory
	Is the server running locally and accepting connections on that socket?
psql: error: connection to server on socket "/tmp/.s.PGSQL.5432" failed: No such file or directory
	Is the server running locally and accepting connections on that socket?
psql: error: connection to server on socket "/tmp/.s.PGSQL.5432" failed: No such file or directory
	Is the server running locally and accepting connections on that socket?
psql: error: connection to server on socket "/tmp/.s.PGSQL.5432" failed: No such file or directory
	Is the server running locally and accepting connections on that socket?
psql: error: connection to server on socket "/tmp/.s.PGSQL.5432" failed: No such file or directory
	Is the server running locally and accepting connections on that socket?
psql: error: connection to server on socket "/tmp/.s.PGSQL.5432" failed: No such file or directory
	Is the server running locally and accepting connections on that socket?
psql: error: connection to server on socket "/tmp/.s.PGSQL.5432" failed: No such file or directory
	Is the server running locally and accepting connections on that socket?
psql: error: connection to server on socket "/tmp/.s.PGSQL.5432" failed: No such file or directory
	Is the server running locally and accepting connections on that socket?
psql: error: connection to server on socket "/tmp/.s.PGSQL.5432" failed: No such file or directory
	Is the server running locally and accepting connections on that socket?
psql: error: connection to server on socket "/tmp/.s.PGSQL.5432" failed: No such file or directory
	Is the server running locally and accepting connections on that socket?
psql: error: connection to server on socket "/tmp/.s.PGSQL.5432" failed: No such file or directory
	Is the server running locally and accepting connections on that socket?
psql: error: connection to server on socket "/tmp/.s.PGSQL.5432" failed: No such file or directory
	Is the server running locally and accepting connections on that socket?
psql: error: connection to server on socket "/tmp/.s.PGSQL.5432" failed: No such file or directory
	Is the server running locally and accepting connections on that socket?
psql: error: connection to server on socket "/tmp/.s.PGSQL.5432" failed: No such file or directory
	Is the server running locally and accepting connections on that socket?
psql: error: connection to server on socket "/tmp/.s.PGSQL.5432" failed: No such file or directory
	Is the server running locally and accepting connections on that socket?
psql: error: connection to server on socket "/tmp/.s.PGSQL.5432" failed: No such file or directory
	Is the server running locally and accepting connections on that socket?
psql: error: connection to server on socket "/tmp/.s.PGSQL.5432" failed: No such file or directory
	Is the server running locally and accepting connections on that socket?
psql: error: connection to server on socket "/tmp/.s.PGSQL.5432" failed: No such file or directory
	Is the server running locally and accepting connections on that socket?
psql: error: connection to server on socket "/tmp/.s.PGSQL.5432" failed: No such file or directory
	Is the server running locally and accepting connections on that socket?
psql: error: connection to server on socket "/tmp/.s.PGSQL.5432" failed: No such file or directory
	Is the server running locally and accepting connections on that socket?
psql: error: connection to server on socket "/tmp/.s.PGSQL.5432" failed: No such file or directory
	Is the server running locally and accepting connections on that socket?
psql: error: connection to server on socket "/tmp/.s.PGSQL.5432" failed: No such file or directory
	Is the server running locally and accepting connections on that socket?
psql: error: connection to server on socket "/tmp/.s.PGSQL.5432" failed: No such file or directory
	Is the server running locally and accepting connections on that socket?
psql: error: connection to server on socket "/tmp/.s.PGSQL.5432" failed: No such file or directory
	Is the server running locally and accepting connections on that socket?
psql: error: connection to server on socket "/tmp/.s.PGSQL.5432" failed: No such file or directory
	Is the server running locally and accepting connections on that socket?
psql: error: connection to server on socket "/tmp/.s.PGSQL.5432" failed: No such file or directory
	Is the server running locally and accepting connections on that socket?
psql: error: connection to server on socket "/tmp/.s.PGSQL.5432" failed: No such file or directory
	Is the server running locally and accepting connections on that socket?
psql: error: connection to server on socket "/tmp/.s.PGSQL.5432" failed: No such file or directory
	Is the server running locally and accepting connections on that socket?
psql: error: connection to server on socket "/tmp/.s.PGSQL.5432" failed: No such file or directory
	Is the server running locally and accepting connections on that socket?
psql: error: connection to server on socket "/tmp/.s.PGSQL.5432" failed: No such file or directory
	Is the server running locally and accepting connections on that socket?
psql: error: connection to server on socket "/tmp/.s.PGSQL.5432" failed: No such file or directory
	Is the server running locally and accepting connections on that socket?
psql: error: connection to server on socket "/tmp/.s.PGSQL.5432" failed: No such file or directory
	Is the server running locally and accepting connections on that socket?
psql: error: connection to server on socket "/tmp/.s.PGSQL.5432" failed: No such file or directory
	Is the server running locally and accepting connections on that socket?
psql: error: connection to server on socket "/tmp/.s.PGSQL.5432" failed: No such file or directory
	Is the server running locally and accepting connections on that socket?
psql: error: connection to server on socket "/tmp/.s.PGSQL.5432" failed: No such file or directory
	Is the server running locally and accepting connections on that socket?
psql: error: connection to server on socket "/tmp/.s.PGSQL.5432" failed: No such file or directory
	Is the server running locally and accepting connections on that socket?
psql: error: connection to server on socket "/tmp/.s.PGSQL.5432" failed: No such file or directory
	Is the server running locally and accepting connections on that socket?
psql: error: connection to server on socket "/tmp/.s.PGSQL.5432" failed: No such file or directory
	Is the server running locally and accepting connections on that socket?
psql: error: connection to server on socket "/tmp/.s.PGSQL.5432" failed: No such file or directory
	Is the server running locally and accepting connections on that socket?
psql: error: connection to server on socket "/tmp/.s.PGSQL.5432" failed: No such file or directory
	Is the server running locally and accepting connections on that socket?
psql: error: connection to server on socket "/tmp/.s.PGSQL.5432" failed: No such file or directory
	Is the server running locally and accepting connections on that socket?
psql: error: connection to server on socket "/tmp/.s.PGSQL.5432" failed: No such file or directory
	Is the server running locally and accepting connections on that socket?
psql: error: connection to server on socket "/tmp/.s.PGSQL.5432" failed: No such file or directory
	Is the server running locally and accepting connections on that socket?
psql: error: connection to server on socket "/tmp/.s.PGSQL.5432" failed: No such file or directory
	Is the server running locally and accepting connections on that socket?
psql: error: connection to server on socket "/tmp/.s.PGSQL.5432" failed: No such file or directory
	Is the server running locally and accepting connections on that socket?
psql: error: connection to server on socket "/tmp/.s.PGSQL.5432" failed: No such file or directory
	Is the server running locally and accepting connections on that socket?
psql: error: connection to server on socket "/tmp/.s.PGSQL.5432" failed: No such file or directory
	Is the server running locally and accepting connections on that socket?
psql: error: connection to server on socket "/tmp/.s.PGSQL.5432" failed: No such file or directory
	Is the server running locally and accepting connections on that socket?
psql: error: connection to server on socket "/tmp/.s.PGSQL.5432" failed: No such file or directory
	Is the server running locally and accepting connections on that socket?
psql: error: connection to server on socket "/tmp/.s.PGSQL.5432" failed: No such file or directory
	Is the server running locally and accepting connections on that socket?
psql: error: connection to server on socket "/tmp/.s.PGSQL.5432" failed: No such file or directory
	Is the server running locally and accepting connections on that socket?
psql: error: connection to server on socket "/tmp/.s.PGSQL.5432" failed: No such file or directory
	Is the server running locally and accepting connections on that socket?
psql: error: connection to server on socket "/tmp/.s.PGSQL.5432" failed: No such file or directory
	Is the server running locally and accepting connections on that socket?
psql: error: connection to server on socket "/tmp/.s.PGSQL.5432" failed: No such file or directory
	Is the server running locally and accepting connections on that socket?
psql: error: connection to server on socket "/tmp/.s.PGSQL.5432" failed: No such file or directory
	Is the server running locally and accepting connections on that socket?
psql: error: connection to server on socket "/tmp/.s.PGSQL.5432" failed: No such file or directory
	Is the server running locally and accepting connections on that socket?
psql: error: connection to server on socket "/tmp/.s.PGSQL.5432" failed: No such file or directory
	Is the server running locally and accepting connections on that socket?
psql: error: connection to server on socket "/tmp/.s.PGSQL.5432" failed: No such file or directory
	Is the server running locally and accepting connections on that socket?
psql: error: connection to server on socket "/tmp/.s.PGSQL.5432" failed: No such file or directory
	Is the server running locally and accepting connections on that socket?
psql: error: connection to server on socket "/tmp/.s.PGSQL.5432" failed: No such file or directory
	Is the server running locally and accepting connections on that socket?
psql: error: connection to server on socket "/tmp/.s.PGSQL.5432" failed: No such file or directory
	Is the server running locally and accepting connections on that socket?
psql: error: connection to server on socket "/tmp/.s.PGSQL.5432" failed: No such file or directory
	Is the server running locally and accepting connections on that socket?
psql: error: connection to server on socket "/tmp/.s.PGSQL.5432" failed: No such file or directory
	Is the server running locally and accepting connections on that socket?
psql: error: connection to server on socket "/tmp/.s.PGSQL.5432" failed: No such file or directory
	Is the server running locally and accepting connections on that socket?
psql: error: connection to server on socket "/tmp/.s.PGSQL.5432" failed: No such file or directory
	Is the server running locally and accepting connections on that socket?
psql: error: connection to server on socket "/tmp/.s.PGSQL.5432" failed: No such file or directory
	Is the server running locally and accepting connections on that socket?
psql: error: connection to server on socket "/tmp/.s.PGSQL.5432" failed: No such file or directory
	Is the server running locally and accepting connections on that socket?
psql: error: connection to server on socket "/tmp/.s.PGSQL.5432" failed: No such file or directory
	Is the server running locally and accepting connections on that socket?
psql: error: connection to server on socket "/tmp/.s.PGSQL.5432" failed: No such file or directory
	Is the server running locally and accepting connections on that socket?
psql: error: connection to server on socket "/tmp/.s.PGSQL.5432" failed: No such file or directory
	Is the server running locally and accepting connections on that socket?
psql: error: connection to server on socket "/tmp/.s.PGSQL.5432" failed: No such file or directory
	Is the server running locally and accepting connections on that socket?
psql: error: connection to server on socket "/tmp/.s.PGSQL.5432" failed: No such file or directory
	Is the server running locally and accepting connections on that socket?
psql: error: connection to server on socket "/tmp/.s.PGSQL.5432" failed: No such file or directory
	Is the server running locally and accepting connections on that socket?
psql: error: connection to server on socket "/tmp/.s.PGSQL.5432" failed: No such file or directory
	Is the server running locally and accepting connections on that socket?
psql: error: connection to server on socket "/tmp/.s.PGSQL.5432" failed: No such file or directory
	Is the server running locally and accepting connections on that socket?
psql: error: connection to server on socket "/tmp/.s.PGSQL.5432" failed: No such file or directory
	Is the server running locally and accepting connections on that socket?
psql: error: connection to server on socket "/tmp/.s.PGSQL.5432" failed: No such file or directory
	Is the server running locally and accepting connections on that socket?
psql: error: connection to server on socket "/tmp/.s.PGSQL.5432" failed: No such file or directory
	Is the server running locally and accepting connections on that socket?
348|1651699881.354730|2022-05-04 23:31:21.35473+02|16385|test|2|6|0|510|3605|831|748|0|0|0|0|0|0|0|||0|0|11.607|0.726|0|4|0|0|0|2022-05-04 23:31:21.25908+02
349|1651699882.375454|2022-05-04 23:31:22.375454+02|16385|test|2|10|0|597|4140|1084|999|0|0|0|0|0|0|0|||0|0|27.914|14.406|0|6|0|0|0|2022-05-04 23:31:21.25908+02
350|1651699883.394914|2022-05-04 23:31:23.394914+02|16385|test|2|14|0|597|4762|1337|1250|0|0|0|0|0|0|0|||0|0|43.1|26.809|0|8|0|0|0|2022-05-04 23:31:21.25908+02
351|1651699884.413877|2022-05-04 23:31:24.413877+02|16385|test|2|18|0|597|5384|1590|1501|0|0|0|0|0|0|0|||0|0|57.953|39.092|0|10|0|0|0|2022-05-04 23:31:21.25908+02
352|1651699885.432687|2022-05-04 23:31:25.432687+02|16385|test|2|22|0|597|6006|1843|1752|0|0|0|0|0|0|0|||0|0|72.637|51.247|0|12|0|0|0|2022-05-04 23:31:21.25908+02
353|1651699886.451655|2022-05-04 23:31:26.451655+02|16385|test|2|26|0|597|6628|2096|2003|0|0|0|0|0|0|0|||0|0|87.327|63.418|0|14|0|0|0|2022-05-04 23:31:21.25908+02
354|1651699887.470805|2022-05-04 23:31:27.470805+02|16385|test|2|30|0|597|7250|2349|2254|0|0|0|0|0|0|0|||0|0|102.215|75.699|0|16|0|0|0|2022-05-04 23:31:21.25908+02
355|1651699888.491604|2022-05-04 23:31:28.491604+02|16385|test|2|34|0|597|7872|2602|2505|0|0|0|0|0|0|0|||0|0|117.924|88.09|0|18|0|0|0|2022-05-04 23:31:21.25908+02
356|1651699889.511494|2022-05-04 23:31:29.511494+02|16385|test|2|38|0|597|8494|2855|2756|0|0|0|0|0|0|0|||0|0|133.665|101.221|0|20|0|0|0|2022-05-04 23:31:21.25908+02
357|1651699890.530512|2022-05-04 23:31:30.530512+02|16385|test|2|42|0|597|9116|3108|3007|0|0|0|0|0|0|0|||0|0|148.348|113.393|0|22|0|0|0|2022-05-04 23:31:21.25908+02
358|1651699891.549635|2022-05-04 23:31:31.549635+02|16385|test|2|46|0|597|9738|3361|3258|0|0|0|0|0|0|0|||0|0|163.159|125.635|0|24|0|0|0|2022-05-04 23:31:21.25908+02
359|1651699892.568485|2022-05-04 23:31:32.568485+02|16385|test|2|50|0|597|10360|3614|3509|0|0|0|0|0|0|0|||0|0|177.93|137.869|0|26|0|0|0|2022-05-04 23:31:21.25908+02
360|1651699893.587326|2022-05-04 23:31:33.587326+02|16385|test|2|54|0|597|10982|3867|3760|0|0|0|0|0|0|0|||0|0|192.744|150.096|0|28|0|0|0|2022-05-04 23:31:21.25908+02
361|1651699894.606369|2022-05-04 23:31:34.606369+02|16385|test|2|58|0|597|11604|4120|4011|0|0|0|0|0|0|0|||0|0|207.475|162.327|0|30|0|0|0|2022-05-04 23:31:21.25908+02
362|1651699895.625022|2022-05-04 23:31:35.625022+02|16385|test|2|62|0|597|12226|4373|4262|0|0|0|0|0|0|0|||0|0|222.132|174.487|0|32|0|0|0|2022-05-04 23:31:21.25908+02
363|1651699896.644312|2022-05-04 23:31:36.644312+02|16385|test|2|72|0|1429689|25479|4964|4821|10001216|13|0|0|0|0|0|||0|0|14990.884|14930.626|9.748|34|0|0|0|2022-05-04 23:31:21.25908+02
364|1651699897.663148|2022-05-04 23:31:37.663148+02|16385|test|2|90|0|1729240|32592|7880|5270|10001279|13|0|0|0|0|0|||0|0|16182.292|15062.9|9.748|35|0|0|0|2022-05-04 23:31:21.25908+02
365|1651699898.672096|2022-05-04 23:31:38.672096+02|16385|test|2|95|0|1729240|33251|8148|5535|10001279|13|0|0|0|0|0|||0|0|16187.98|15064.966|9.748|38|0|0|0|2022-05-04 23:31:21.25908+02
366|1651699899.691028|2022-05-04 23:31:39.691028+02|16385|test|2|99|0|1729240|33873|8401|5786|10001279|13|0|0|0|0|0|||0|0|16202.714|15077.197|9.748|40|0|0|0|2022-05-04 23:31:21.25908+02
367|1651699900.710375|2022-05-04 23:31:40.710375+02|16385|test|2|103|0|1729240|34495|8654|6037|10001279|13|0|0|0|0|0|||0|0|16217.7|15089.546|9.748|42|0|0|0|2022-05-04 23:31:21.25908+02
368|1651699901.729482|2022-05-04 23:31:41.729482+02|16385|test|2|107|0|1729240|35117|8907|6288|10001279|13|0|0|0|0|0|||0|0|16232.466|15101.825|9.748|44|0|0|0|2022-05-04 23:31:21.25908+02
369|1651699902.748437|2022-05-04 23:31:42.748437+02|16385|test|2|111|0|1729240|35739|9160|6539|10001279|13|0|0|0|0|0|||0|0|16247.22|15114.048|9.748|46|0|0|0|2022-05-04 23:31:21.25908+02
370|1651699903.767792|2022-05-04 23:31:43.767792+02|16385|test|1|130|0|3141208|54629|10011743|7195|10001297|13|0|0|1|203177984|0|||0|0|22695.32|22627.279|9.748|52|0|0|0|2022-05-04 23:31:21.25908+02
